,activity
0,STANDING
1,STANDING
2,STANDING
3,STANDING
4,STANDING
5,STANDING
6,STANDING
7,STANDING
8,STANDING
9,STANDING
10,STANDING
11,STANDING
12,STANDING
13,STANDING
14,STANDING
15,STANDING
16,STANDING
17,STANDING
18,STANDING
19,STANDING
20,STANDING
21,STANDING
22,STANDING
23,STANDING
24,STANDING
25,STANDING
26,STANDING
27,SITTING
28,SITTING
29,SITTING
30,SITTING
31,SITTING
32,SITTING
33,SITTING
34,SITTING
35,SITTING
36,SITTING
37,SITTING
38,SITTING
39,SITTING
40,SITTING
41,SITTING
42,SITTING
43,SITTING
44,SITTING
45,SITTING
46,SITTING
47,SITTING
48,SITTING
49,SITTING
50,SITTING
51,LAYING
52,LAYING
53,LAYING
54,LAYING
55,LAYING
56,LAYING
57,LAYING
58,LAYING
59,LAYING
60,LAYING
61,LAYING
62,LAYING
63,LAYING
64,LAYING
65,LAYING
66,LAYING
67,LAYING
68,LAYING
69,LAYING
70,LAYING
71,LAYING
72,LAYING
73,LAYING
74,LAYING
75,LAYING
76,LAYING
77,LAYING
78,WALKING
79,WALKING
80,WALKING
81,WALKING
82,WALKING
83,WALKING
84,WALKING
85,WALKING
86,WALKING
87,WALKING
88,WALKING
89,WALKING
90,WALKING
91,WALKING
92,WALKING
93,WALKING
94,WALKING
95,WALKING
96,WALKING
97,WALKING
98,WALKING
99,WALKING
100,WALKING
101,WALKING
102,WALKING
103,WALKING
104,WALKING
105,WALKING
106,WALKING
107,WALKING
108,WALKING
109,WALKING
110,WALKING
111,WALKING
112,WALKING
113,WALKING
114,WALKING
115,WALKING
116,WALKING
117,WALKING
118,WALKING
119,WALKING
120,WALKING
121,WALKING
122,WALKING
123,WALKING
124,WALKING
125,WALKING_DOWNSTAIRS
126,WALKING_DOWNSTAIRS
127,WALKING_DOWNSTAIRS
128,WALKING_DOWNSTAIRS
129,WALKING_DOWNSTAIRS
130,WALKING_DOWNSTAIRS
131,WALKING_DOWNSTAIRS
132,WALKING_DOWNSTAIRS
133,WALKING_DOWNSTAIRS
134,WALKING_DOWNSTAIRS
135,WALKING_DOWNSTAIRS
136,WALKING_DOWNSTAIRS
137,WALKING_DOWNSTAIRS
138,WALKING_DOWNSTAIRS
139,WALKING_DOWNSTAIRS
140,WALKING_DOWNSTAIRS
141,WALKING_DOWNSTAIRS
142,WALKING_DOWNSTAIRS
143,WALKING_DOWNSTAIRS
144,WALKING_DOWNSTAIRS
145,WALKING_DOWNSTAIRS
146,WALKING_DOWNSTAIRS
147,WALKING_DOWNSTAIRS
148,WALKING_DOWNSTAIRS
149,WALKING_DOWNSTAIRS
150,WALKING_UPSTAIRS
151,WALKING_UPSTAIRS
152,WALKING_UPSTAIRS
153,WALKING_UPSTAIRS
154,WALKING_UPSTAIRS
155,WALKING_UPSTAIRS
156,WALKING_UPSTAIRS
157,WALKING_UPSTAIRS
158,WALKING_UPSTAIRS
159,WALKING_UPSTAIRS
160,WALKING_UPSTAIRS
161,WALKING_UPSTAIRS
162,WALKING_UPSTAIRS
163,WALKING_UPSTAIRS
164,WALKING_UPSTAIRS
165,WALKING_UPSTAIRS
166,WALKING_UPSTAIRS
167,WALKING_UPSTAIRS
168,WALKING_UPSTAIRS
169,WALKING_UPSTAIRS
170,WALKING_UPSTAIRS
171,WALKING_UPSTAIRS
172,WALKING_UPSTAIRS
173,WALKING_UPSTAIRS
174,WALKING_UPSTAIRS
175,WALKING_UPSTAIRS
176,STANDING
177,STANDING
178,STANDING
179,STANDING
180,STANDING
181,STANDING
182,STANDING
183,STANDING
184,STANDING
185,STANDING
186,STANDING
187,STANDING
188,STANDING
189,STANDING
190,STANDING
191,STANDING
192,STANDING
193,STANDING
194,STANDING
195,STANDING
196,STANDING
197,STANDING
198,STANDING
199,STANDING
200,STANDING
201,STANDING
202,SITTING
203,SITTING
204,SITTING
205,SITTING
206,SITTING
207,SITTING
208,SITTING
209,SITTING
210,SITTING
211,SITTING
212,SITTING
213,LAYING
214,LAYING
215,LAYING
216,LAYING
217,LAYING
218,LAYING
219,LAYING
220,LAYING
221,LAYING
222,LAYING
223,LAYING
224,LAYING
225,SITTING
226,SITTING
227,SITTING
228,SITTING
229,SITTING
230,SITTING
231,SITTING
232,SITTING
233,SITTING
234,SITTING
235,SITTING
236,SITTING
237,LAYING
238,LAYING
239,LAYING
240,LAYING
241,LAYING
242,LAYING
243,LAYING
244,LAYING
245,LAYING
246,LAYING
247,LAYING
248,WALKING
249,WALKING
250,WALKING
251,WALKING
252,WALKING
253,WALKING
254,WALKING
255,WALKING
256,WALKING
257,WALKING
258,WALKING
259,WALKING
260,WALKING
261,WALKING
262,WALKING
263,WALKING
264,WALKING
265,WALKING
266,WALKING
267,WALKING
268,WALKING
269,WALKING
270,WALKING
271,WALKING
272,WALKING
273,WALKING
274,WALKING
275,WALKING
276,WALKING
277,WALKING
278,WALKING
279,WALKING
280,WALKING
281,WALKING
282,WALKING
283,WALKING
284,WALKING
285,WALKING
286,WALKING
287,WALKING
288,WALKING
289,WALKING
290,WALKING
291,WALKING
292,WALKING
293,WALKING
294,WALKING
295,WALKING
296,WALKING_DOWNSTAIRS
297,WALKING_DOWNSTAIRS
298,WALKING_DOWNSTAIRS
299,WALKING_DOWNSTAIRS
300,WALKING_DOWNSTAIRS
301,WALKING_DOWNSTAIRS
302,WALKING_DOWNSTAIRS
303,WALKING_UPSTAIRS
304,WALKING_UPSTAIRS
305,WALKING_UPSTAIRS
306,WALKING_UPSTAIRS
307,WALKING_UPSTAIRS
308,WALKING_UPSTAIRS
309,WALKING_UPSTAIRS
310,WALKING_UPSTAIRS
311,WALKING_UPSTAIRS
312,WALKING_UPSTAIRS
313,WALKING_UPSTAIRS
314,WALKING_UPSTAIRS
315,WALKING_UPSTAIRS
316,WALKING_UPSTAIRS
317,WALKING_UPSTAIRS
318,WALKING_UPSTAIRS
319,WALKING_UPSTAIRS
320,WALKING_UPSTAIRS
321,WALKING_UPSTAIRS
322,WALKING_UPSTAIRS
323,WALKING_UPSTAIRS
324,WALKING_UPSTAIRS
325,WALKING_UPSTAIRS
326,WALKING_UPSTAIRS
327,WALKING_UPSTAIRS
328,WALKING_UPSTAIRS
329,WALKING_UPSTAIRS
330,WALKING_DOWNSTAIRS
331,WALKING_DOWNSTAIRS
332,WALKING_DOWNSTAIRS
333,WALKING_DOWNSTAIRS
334,WALKING_DOWNSTAIRS
335,WALKING_DOWNSTAIRS
336,WALKING_DOWNSTAIRS
337,WALKING_DOWNSTAIRS
338,WALKING_DOWNSTAIRS
339,WALKING_DOWNSTAIRS
340,WALKING_DOWNSTAIRS
341,WALKING_DOWNSTAIRS
342,WALKING_DOWNSTAIRS
343,WALKING_DOWNSTAIRS
344,WALKING_DOWNSTAIRS
345,WALKING_DOWNSTAIRS
346,WALKING_DOWNSTAIRS
347,STANDING
348,STANDING
349,STANDING
350,STANDING
351,STANDING
352,STANDING
353,STANDING
354,STANDING
355,STANDING
356,STANDING
357,STANDING
358,STANDING
359,STANDING
360,STANDING
361,STANDING
362,STANDING
363,STANDING
364,STANDING
365,STANDING
366,STANDING
367,STANDING
368,STANDING
369,STANDING
370,STANDING
371,STANDING
372,STANDING
373,STANDING
374,STANDING
375,STANDING
376,STANDING
377,STANDING
378,SITTING
379,SITTING
380,SITTING
381,SITTING
382,SITTING
383,SITTING
384,SITTING
385,SITTING
386,SITTING
387,SITTING
388,SITTING
389,SITTING
390,SITTING
391,SITTING
392,SITTING
393,SITTING
394,SITTING
395,SITTING
396,SITTING
397,SITTING
398,SITTING
399,SITTING
400,SITTING
401,SITTING
402,SITTING
403,SITTING
404,LAYING
405,LAYING
406,LAYING
407,LAYING
408,LAYING
409,LAYING
410,LAYING
411,LAYING
412,LAYING
413,LAYING
414,LAYING
415,LAYING
416,LAYING
417,LAYING
418,LAYING
419,LAYING
420,LAYING
421,LAYING
422,LAYING
423,LAYING
424,LAYING
425,LAYING
426,LAYING
427,LAYING
428,LAYING
429,LAYING
430,LAYING
431,LAYING
432,LAYING
433,LAYING
434,WALKING
435,WALKING
436,WALKING
437,WALKING
438,WALKING
439,WALKING
440,WALKING
441,WALKING
442,WALKING
443,WALKING
444,WALKING
445,WALKING
446,WALKING
447,WALKING
448,WALKING
449,WALKING
450,WALKING
451,WALKING
452,WALKING
453,WALKING
454,WALKING
455,WALKING
456,WALKING
457,WALKING
458,WALKING
459,WALKING
460,WALKING
461,WALKING
462,WALKING
463,WALKING
464,WALKING
465,WALKING_DOWNSTAIRS
466,WALKING_DOWNSTAIRS
467,WALKING_DOWNSTAIRS
468,WALKING_DOWNSTAIRS
469,WALKING_DOWNSTAIRS
470,WALKING_DOWNSTAIRS
471,WALKING_DOWNSTAIRS
472,WALKING_DOWNSTAIRS
473,WALKING_DOWNSTAIRS
474,WALKING_DOWNSTAIRS
475,WALKING_DOWNSTAIRS
476,WALKING_DOWNSTAIRS
477,WALKING_DOWNSTAIRS
478,WALKING_DOWNSTAIRS
479,WALKING_DOWNSTAIRS
480,WALKING_DOWNSTAIRS
481,WALKING_DOWNSTAIRS
482,WALKING_DOWNSTAIRS
483,WALKING_DOWNSTAIRS
484,WALKING_DOWNSTAIRS
485,WALKING_DOWNSTAIRS
486,WALKING_DOWNSTAIRS
487,WALKING_DOWNSTAIRS
488,WALKING_UPSTAIRS
489,WALKING_UPSTAIRS
490,WALKING_UPSTAIRS
491,WALKING_UPSTAIRS
492,WALKING_UPSTAIRS
493,WALKING_UPSTAIRS
494,WALKING_UPSTAIRS
495,WALKING_UPSTAIRS
496,WALKING_UPSTAIRS
497,WALKING_UPSTAIRS
498,WALKING_UPSTAIRS
499,WALKING_UPSTAIRS
500,WALKING_UPSTAIRS
501,WALKING_UPSTAIRS
502,WALKING_UPSTAIRS
503,WALKING_UPSTAIRS
504,WALKING_UPSTAIRS
505,WALKING_UPSTAIRS
506,WALKING_UPSTAIRS
507,WALKING_UPSTAIRS
508,WALKING_UPSTAIRS
509,WALKING_UPSTAIRS
510,WALKING_UPSTAIRS
511,WALKING_UPSTAIRS
512,WALKING_UPSTAIRS
513,WALKING_UPSTAIRS
514,WALKING_UPSTAIRS
515,WALKING_UPSTAIRS
516,WALKING_UPSTAIRS
517,WALKING_UPSTAIRS
518,WALKING_UPSTAIRS
519,WALKING_UPSTAIRS
520,WALKING_UPSTAIRS
521,WALKING_UPSTAIRS
522,STANDING
523,STANDING
524,STANDING
525,STANDING
526,STANDING
527,STANDING
528,STANDING
529,STANDING
530,STANDING
531,STANDING
532,STANDING
533,STANDING
534,STANDING
535,STANDING
536,STANDING
537,STANDING
538,STANDING
539,STANDING
540,STANDING
541,STANDING
542,STANDING
543,STANDING
544,STANDING
545,STANDING
546,STANDING
547,STANDING
548,STANDING
549,STANDING
550,STANDING
551,STANDING
552,SITTING
553,SITTING
554,SITTING
555,SITTING
556,SITTING
557,SITTING
558,SITTING
559,SITTING
560,SITTING
561,SITTING
562,SITTING
563,SITTING
564,SITTING
565,SITTING
566,SITTING
567,SITTING
568,SITTING
569,SITTING
570,SITTING
571,SITTING
572,SITTING
573,SITTING
574,SITTING
575,SITTING
576,SITTING
577,SITTING
578,LAYING
579,LAYING
580,LAYING
581,LAYING
582,LAYING
583,LAYING
584,LAYING
585,LAYING
586,LAYING
587,LAYING
588,LAYING
589,LAYING
590,LAYING
591,LAYING
592,LAYING
593,LAYING
594,LAYING
595,LAYING
596,LAYING
597,LAYING
598,LAYING
599,LAYING
600,LAYING
601,LAYING
602,LAYING
603,LAYING
604,LAYING
605,LAYING
606,LAYING
607,LAYING
608,LAYING
609,LAYING
610,WALKING
611,WALKING
612,WALKING
613,WALKING
614,WALKING
615,WALKING
616,WALKING
617,WALKING
618,WALKING
619,WALKING
620,WALKING
621,WALKING
622,WALKING
623,WALKING
624,WALKING
625,WALKING
626,WALKING
627,WALKING
628,WALKING
629,WALKING
630,WALKING
631,WALKING
632,WALKING
633,WALKING
634,WALKING
635,WALKING
636,WALKING
637,WALKING_DOWNSTAIRS
638,WALKING_DOWNSTAIRS
639,WALKING_DOWNSTAIRS
640,WALKING_DOWNSTAIRS
641,WALKING_DOWNSTAIRS
642,WALKING_DOWNSTAIRS
643,WALKING_DOWNSTAIRS
644,WALKING_DOWNSTAIRS
645,WALKING_DOWNSTAIRS
646,WALKING_DOWNSTAIRS
647,WALKING_DOWNSTAIRS
648,WALKING_DOWNSTAIRS
649,WALKING_DOWNSTAIRS
650,WALKING_DOWNSTAIRS
651,WALKING_DOWNSTAIRS
652,WALKING_DOWNSTAIRS
653,WALKING_DOWNSTAIRS
654,WALKING_DOWNSTAIRS
655,WALKING_DOWNSTAIRS
656,WALKING_DOWNSTAIRS
657,WALKING_DOWNSTAIRS
658,WALKING_DOWNSTAIRS
659,WALKING_DOWNSTAIRS
660,WALKING_DOWNSTAIRS
661,WALKING_DOWNSTAIRS
662,WALKING_DOWNSTAIRS
663,WALKING_UPSTAIRS
664,WALKING_UPSTAIRS
665,WALKING_UPSTAIRS
666,WALKING_UPSTAIRS
667,WALKING_UPSTAIRS
668,WALKING_UPSTAIRS
669,WALKING_UPSTAIRS
670,WALKING_UPSTAIRS
671,WALKING_UPSTAIRS
672,WALKING_UPSTAIRS
673,WALKING_UPSTAIRS
674,WALKING_UPSTAIRS
675,WALKING_UPSTAIRS
676,WALKING_UPSTAIRS
677,WALKING_UPSTAIRS
678,WALKING_UPSTAIRS
679,WALKING_UPSTAIRS
680,WALKING_UPSTAIRS
681,WALKING_UPSTAIRS
682,WALKING_UPSTAIRS
683,WALKING_UPSTAIRS
684,WALKING_UPSTAIRS
685,WALKING_UPSTAIRS
686,WALKING_UPSTAIRS
687,WALKING_UPSTAIRS
688,STANDING
689,STANDING
690,STANDING
691,STANDING
692,STANDING
693,STANDING
694,STANDING
695,STANDING
696,STANDING
697,STANDING
698,STANDING
699,STANDING
700,STANDING
701,STANDING
702,STANDING
703,STANDING
704,STANDING
705,STANDING
706,STANDING
707,STANDING
708,STANDING
709,STANDING
710,STANDING
711,STANDING
712,STANDING
713,STANDING
714,STANDING
715,STANDING
716,SITTING
717,SITTING
718,SITTING
719,SITTING
720,SITTING
721,SITTING
722,SITTING
723,SITTING
724,SITTING
725,SITTING
726,SITTING
727,SITTING
728,SITTING
729,SITTING
730,SITTING
731,SITTING
732,SITTING
733,SITTING
734,SITTING
735,SITTING
736,SITTING
737,SITTING
738,SITTING
739,LAYING
740,LAYING
741,LAYING
742,LAYING
743,LAYING
744,LAYING
745,LAYING
746,LAYING
747,LAYING
748,LAYING
749,LAYING
750,LAYING
751,LAYING
752,LAYING
753,LAYING
754,LAYING
755,LAYING
756,LAYING
757,LAYING
758,LAYING
759,LAYING
760,LAYING
761,LAYING
762,LAYING
763,LAYING
764,LAYING
765,LAYING
766,LAYING
767,WALKING
768,WALKING
769,WALKING
770,WALKING
771,WALKING
772,WALKING
773,WALKING
774,WALKING
775,WALKING
776,WALKING
777,WALKING
778,WALKING
779,WALKING
780,WALKING
781,WALKING
782,WALKING
783,WALKING
784,WALKING
785,WALKING
786,WALKING
787,WALKING
788,WALKING
789,WALKING
790,WALKING
791,WALKING
792,WALKING
793,WALKING
794,WALKING
795,WALKING
796,WALKING
797,WALKING_DOWNSTAIRS
798,WALKING_DOWNSTAIRS
799,WALKING_DOWNSTAIRS
800,WALKING_DOWNSTAIRS
801,WALKING_DOWNSTAIRS
802,WALKING_DOWNSTAIRS
803,WALKING_DOWNSTAIRS
804,WALKING_DOWNSTAIRS
805,WALKING_DOWNSTAIRS
806,WALKING_DOWNSTAIRS
807,WALKING_DOWNSTAIRS
808,WALKING_DOWNSTAIRS
809,WALKING_DOWNSTAIRS
810,WALKING_DOWNSTAIRS
811,WALKING_DOWNSTAIRS
812,WALKING_DOWNSTAIRS
813,WALKING_DOWNSTAIRS
814,WALKING_DOWNSTAIRS
815,WALKING_DOWNSTAIRS
816,WALKING_DOWNSTAIRS
817,WALKING_DOWNSTAIRS
818,WALKING_DOWNSTAIRS
819,WALKING_DOWNSTAIRS
820,WALKING_DOWNSTAIRS
821,WALKING_DOWNSTAIRS
822,WALKING_UPSTAIRS
823,WALKING_UPSTAIRS
824,WALKING_UPSTAIRS
825,WALKING_UPSTAIRS
826,WALKING_UPSTAIRS
827,WALKING_UPSTAIRS
828,WALKING_UPSTAIRS
829,WALKING_UPSTAIRS
830,WALKING_UPSTAIRS
831,WALKING_UPSTAIRS
832,WALKING_UPSTAIRS
833,WALKING_UPSTAIRS
834,WALKING_UPSTAIRS
835,WALKING_UPSTAIRS
836,WALKING_UPSTAIRS
837,WALKING_UPSTAIRS
838,WALKING_UPSTAIRS
839,WALKING_UPSTAIRS
840,WALKING_UPSTAIRS
841,WALKING_UPSTAIRS
842,WALKING_UPSTAIRS
843,WALKING_UPSTAIRS
844,WALKING_UPSTAIRS
845,WALKING_UPSTAIRS
846,WALKING_UPSTAIRS
847,STANDING
848,STANDING
849,STANDING
850,STANDING
851,STANDING
852,STANDING
853,STANDING
854,STANDING
855,STANDING
856,STANDING
857,STANDING
858,STANDING
859,STANDING
860,STANDING
861,STANDING
862,STANDING
863,STANDING
864,STANDING
865,STANDING
866,STANDING
867,STANDING
868,STANDING
869,STANDING
870,STANDING
871,STANDING
872,STANDING
873,STANDING
874,STANDING
875,SITTING
876,SITTING
877,SITTING
878,SITTING
879,SITTING
880,SITTING
881,SITTING
882,SITTING
883,SITTING
884,SITTING
885,SITTING
886,SITTING
887,SITTING
888,SITTING
889,SITTING
890,SITTING
891,SITTING
892,SITTING
893,SITTING
894,SITTING
895,SITTING
896,LAYING
897,LAYING
898,LAYING
899,LAYING
900,LAYING
901,LAYING
902,LAYING
903,LAYING
904,LAYING
905,LAYING
906,LAYING
907,LAYING
908,LAYING
909,LAYING
910,LAYING
911,LAYING
912,LAYING
913,LAYING
914,LAYING
915,LAYING
916,LAYING
917,LAYING
918,LAYING
919,LAYING
920,WALKING
921,WALKING
922,WALKING
923,WALKING
924,WALKING
925,WALKING
926,WALKING
927,WALKING
928,WALKING
929,WALKING
930,WALKING
931,WALKING
932,WALKING
933,WALKING
934,WALKING
935,WALKING
936,WALKING
937,WALKING
938,WALKING
939,WALKING
940,WALKING
941,WALKING
942,WALKING
943,WALKING
944,WALKING
945,WALKING
946,WALKING_DOWNSTAIRS
947,WALKING_DOWNSTAIRS
948,WALKING_DOWNSTAIRS
949,WALKING_DOWNSTAIRS
950,WALKING_DOWNSTAIRS
951,WALKING_DOWNSTAIRS
952,WALKING_DOWNSTAIRS
953,WALKING_DOWNSTAIRS
954,WALKING_DOWNSTAIRS
955,WALKING_DOWNSTAIRS
956,WALKING_DOWNSTAIRS
957,WALKING_DOWNSTAIRS
958,WALKING_DOWNSTAIRS
959,WALKING_DOWNSTAIRS
960,WALKING_DOWNSTAIRS
961,WALKING_DOWNSTAIRS
962,WALKING_DOWNSTAIRS
963,WALKING_DOWNSTAIRS
964,WALKING_DOWNSTAIRS
965,WALKING_DOWNSTAIRS
966,WALKING_DOWNSTAIRS
967,WALKING_DOWNSTAIRS
968,WALKING_UPSTAIRS
969,WALKING_UPSTAIRS
970,WALKING_UPSTAIRS
971,WALKING_UPSTAIRS
972,WALKING_UPSTAIRS
973,WALKING_UPSTAIRS
974,WALKING_UPSTAIRS
975,WALKING_UPSTAIRS
976,WALKING_UPSTAIRS
977,WALKING_UPSTAIRS
978,WALKING_UPSTAIRS
979,WALKING_UPSTAIRS
980,WALKING_UPSTAIRS
981,WALKING_UPSTAIRS
982,WALKING_UPSTAIRS
983,WALKING_UPSTAIRS
984,WALKING_UPSTAIRS
985,WALKING_UPSTAIRS
986,WALKING_UPSTAIRS
987,WALKING_UPSTAIRS
988,WALKING_UPSTAIRS
989,WALKING_UPSTAIRS
990,STANDING
991,STANDING
992,STANDING
993,STANDING
994,STANDING
995,STANDING
996,STANDING
997,STANDING
998,STANDING
999,STANDING
1000,STANDING
1001,STANDING
1002,STANDING
1003,STANDING
1004,STANDING
1005,STANDING
1006,STANDING
1007,STANDING
1008,STANDING
1009,STANDING
1010,STANDING
1011,STANDING
1012,STANDING
1013,STANDING
1014,STANDING
1015,STANDING
1016,STANDING
1017,STANDING
1018,STANDING
1019,STANDING
1020,SITTING
1021,SITTING
1022,SITTING
1023,SITTING
1024,SITTING
1025,SITTING
1026,SITTING
1027,SITTING
1028,SITTING
1029,SITTING
1030,SITTING
1031,SITTING
1032,SITTING
1033,SITTING
1034,SITTING
1035,SITTING
1036,SITTING
1037,SITTING
1038,SITTING
1039,SITTING
1040,SITTING
1041,SITTING
1042,SITTING
1043,SITTING
1044,SITTING
1045,SITTING
1046,SITTING
1047,SITTING
1048,SITTING
1049,LAYING
1050,LAYING
1051,LAYING
1052,LAYING
1053,LAYING
1054,LAYING
1055,LAYING
1056,LAYING
1057,LAYING
1058,LAYING
1059,LAYING
1060,LAYING
1061,LAYING
1062,LAYING
1063,LAYING
1064,LAYING
1065,LAYING
1066,LAYING
1067,LAYING
1068,LAYING
1069,LAYING
1070,LAYING
1071,LAYING
1072,LAYING
1073,LAYING
1074,LAYING
1075,LAYING
1076,LAYING
1077,WALKING
1078,WALKING
1079,WALKING
1080,WALKING
1081,WALKING
1082,WALKING
1083,WALKING
1084,WALKING
1085,WALKING
1086,WALKING
1087,WALKING
1088,WALKING
1089,WALKING
1090,WALKING
1091,WALKING
1092,WALKING
1093,WALKING
1094,WALKING
1095,WALKING
1096,WALKING
1097,WALKING
1098,WALKING
1099,WALKING
1100,WALKING
1101,WALKING
1102,WALKING
1103,WALKING
1104,WALKING
1105,WALKING
1106,WALKING_DOWNSTAIRS
1107,WALKING_DOWNSTAIRS
1108,WALKING_DOWNSTAIRS
1109,WALKING_DOWNSTAIRS
1110,WALKING_DOWNSTAIRS
1111,WALKING_DOWNSTAIRS
1112,WALKING_DOWNSTAIRS
1113,WALKING_DOWNSTAIRS
1114,WALKING_DOWNSTAIRS
1115,WALKING_DOWNSTAIRS
1116,WALKING_DOWNSTAIRS
1117,WALKING_DOWNSTAIRS
1118,WALKING_DOWNSTAIRS
1119,WALKING_DOWNSTAIRS
1120,WALKING_DOWNSTAIRS
1121,WALKING_DOWNSTAIRS
1122,WALKING_DOWNSTAIRS
1123,WALKING_DOWNSTAIRS
1124,WALKING_DOWNSTAIRS
1125,WALKING_DOWNSTAIRS
1126,WALKING_DOWNSTAIRS
1127,WALKING_DOWNSTAIRS
1128,WALKING_DOWNSTAIRS
1129,WALKING_DOWNSTAIRS
1130,WALKING_UPSTAIRS
1131,WALKING_UPSTAIRS
1132,WALKING_UPSTAIRS
1133,WALKING_UPSTAIRS
1134,WALKING_UPSTAIRS
1135,WALKING_UPSTAIRS
1136,WALKING_UPSTAIRS
1137,WALKING_UPSTAIRS
1138,WALKING_UPSTAIRS
1139,WALKING_UPSTAIRS
1140,WALKING_UPSTAIRS
1141,WALKING_UPSTAIRS
1142,WALKING_UPSTAIRS
1143,WALKING_UPSTAIRS
1144,WALKING_UPSTAIRS
1145,WALKING_UPSTAIRS
1146,WALKING_UPSTAIRS
1147,WALKING_UPSTAIRS
1148,WALKING_UPSTAIRS
1149,WALKING_UPSTAIRS
1150,WALKING_UPSTAIRS
1151,WALKING_UPSTAIRS
1152,WALKING_UPSTAIRS
1153,WALKING_UPSTAIRS
1154,WALKING_UPSTAIRS
1155,WALKING_UPSTAIRS
1156,STANDING
1157,STANDING
1158,STANDING
1159,STANDING
1160,STANDING
1161,STANDING
1162,STANDING
1163,STANDING
1164,STANDING
1165,STANDING
1166,STANDING
1167,STANDING
1168,STANDING
1169,STANDING
1170,STANDING
1171,STANDING
1172,STANDING
1173,STANDING
1174,STANDING
1175,STANDING
1176,STANDING
1177,STANDING
1178,STANDING
1179,STANDING
1180,STANDING
1181,STANDING
1182,STANDING
1183,SITTING
1184,SITTING
1185,SITTING
1186,SITTING
1187,SITTING
1188,SITTING
1189,SITTING
1190,SITTING
1191,SITTING
1192,SITTING
1193,SITTING
1194,SITTING
1195,SITTING
1196,SITTING
1197,SITTING
1198,SITTING
1199,SITTING
1200,SITTING
1201,SITTING
1202,SITTING
1203,SITTING
1204,SITTING
1205,SITTING
1206,SITTING
1207,SITTING
1208,SITTING
1209,LAYING
1210,LAYING
1211,LAYING
1212,LAYING
1213,LAYING
1214,LAYING
1215,LAYING
1216,LAYING
1217,LAYING
1218,LAYING
1219,LAYING
1220,LAYING
1221,LAYING
1222,LAYING
1223,LAYING
1224,LAYING
1225,LAYING
1226,LAYING
1227,LAYING
1228,LAYING
1229,LAYING
1230,LAYING
1231,LAYING
1232,LAYING
1233,LAYING
1234,LAYING
1235,LAYING
1236,LAYING
1237,LAYING
1238,WALKING
1239,WALKING
1240,WALKING
1241,WALKING
1242,WALKING
1243,WALKING
1244,WALKING
1245,WALKING
1246,WALKING
1247,WALKING
1248,WALKING
1249,WALKING
1250,WALKING
1251,WALKING
1252,WALKING
1253,WALKING
1254,WALKING
1255,WALKING
1256,WALKING
1257,WALKING
1258,WALKING
1259,WALKING
1260,WALKING
1261,WALKING
1262,WALKING
1263,WALKING
1264,WALKING
1265,WALKING
1266,WALKING_DOWNSTAIRS
1267,WALKING_DOWNSTAIRS
1268,WALKING_DOWNSTAIRS
1269,WALKING_DOWNSTAIRS
1270,WALKING_DOWNSTAIRS
1271,WALKING_DOWNSTAIRS
1272,WALKING_DOWNSTAIRS
1273,WALKING_DOWNSTAIRS
1274,WALKING_DOWNSTAIRS
1275,WALKING_DOWNSTAIRS
1276,WALKING_DOWNSTAIRS
1277,WALKING_DOWNSTAIRS
1278,WALKING_DOWNSTAIRS
1279,WALKING_DOWNSTAIRS
1280,WALKING_DOWNSTAIRS
1281,WALKING_DOWNSTAIRS
1282,WALKING_DOWNSTAIRS
1283,WALKING_DOWNSTAIRS
1284,WALKING_DOWNSTAIRS
1285,WALKING_DOWNSTAIRS
1286,WALKING_DOWNSTAIRS
1287,WALKING_DOWNSTAIRS
1288,WALKING_DOWNSTAIRS
1289,WALKING_DOWNSTAIRS
1290,WALKING_UPSTAIRS
1291,WALKING_UPSTAIRS
1292,WALKING_UPSTAIRS
1293,WALKING_UPSTAIRS
1294,WALKING_UPSTAIRS
1295,WALKING_UPSTAIRS
1296,WALKING_UPSTAIRS
1297,WALKING_UPSTAIRS
1298,WALKING_UPSTAIRS
1299,WALKING_UPSTAIRS
1300,WALKING_UPSTAIRS
1301,WALKING_UPSTAIRS
1302,WALKING_UPSTAIRS
1303,WALKING_UPSTAIRS
1304,WALKING_UPSTAIRS
1305,WALKING_UPSTAIRS
1306,WALKING_UPSTAIRS
1307,WALKING_UPSTAIRS
1308,WALKING_UPSTAIRS
1309,WALKING_UPSTAIRS
1310,WALKING_UPSTAIRS
1311,WALKING_UPSTAIRS
1312,WALKING_UPSTAIRS
1313,WALKING_UPSTAIRS
1314,WALKING_UPSTAIRS
1315,STANDING
1316,STANDING
1317,STANDING
1318,STANDING
1319,STANDING
1320,STANDING
1321,STANDING
1322,STANDING
1323,STANDING
1324,STANDING
1325,STANDING
1326,STANDING
1327,STANDING
1328,STANDING
1329,STANDING
1330,STANDING
1331,STANDING
1332,STANDING
1333,STANDING
1334,STANDING
1335,STANDING
1336,STANDING
1337,STANDING
1338,STANDING
1339,STANDING
1340,STANDING
1341,STANDING
1342,STANDING
1343,SITTING
1344,SITTING
1345,SITTING
1346,SITTING
1347,SITTING
1348,SITTING
1349,SITTING
1350,SITTING
1351,SITTING
1352,SITTING
1353,SITTING
1354,SITTING
1355,SITTING
1356,SITTING
1357,SITTING
1358,SITTING
1359,SITTING
1360,SITTING
1361,SITTING
1362,SITTING
1363,SITTING
1364,SITTING
1365,SITTING
1366,SITTING
1367,SITTING
1368,SITTING
1369,LAYING
1370,LAYING
1371,LAYING
1372,LAYING
1373,LAYING
1374,LAYING
1375,LAYING
1376,LAYING
1377,LAYING
1378,LAYING
1379,LAYING
1380,LAYING
1381,LAYING
1382,LAYING
1383,LAYING
1384,LAYING
1385,LAYING
1386,LAYING
1387,LAYING
1388,LAYING
1389,LAYING
1390,LAYING
1391,LAYING
1392,LAYING
1393,LAYING
1394,LAYING
1395,LAYING
1396,WALKING
1397,WALKING
1398,WALKING
1399,WALKING
1400,WALKING
1401,WALKING
1402,WALKING
1403,WALKING
1404,WALKING
1405,WALKING
1406,WALKING
1407,WALKING
1408,WALKING
1409,WALKING
1410,WALKING
1411,WALKING
1412,WALKING
1413,WALKING
1414,WALKING
1415,WALKING
1416,WALKING
1417,WALKING
1418,WALKING
1419,WALKING
1420,WALKING
1421,WALKING
1422,WALKING
1423,WALKING
1424,WALKING
1425,WALKING_DOWNSTAIRS
1426,WALKING_DOWNSTAIRS
1427,WALKING_DOWNSTAIRS
1428,WALKING_DOWNSTAIRS
1429,WALKING_DOWNSTAIRS
1430,WALKING_DOWNSTAIRS
1431,WALKING_DOWNSTAIRS
1432,WALKING_DOWNSTAIRS
1433,WALKING_DOWNSTAIRS
1434,WALKING_DOWNSTAIRS
1435,WALKING_DOWNSTAIRS
1436,WALKING_DOWNSTAIRS
1437,WALKING_DOWNSTAIRS
1438,WALKING_DOWNSTAIRS
1439,WALKING_DOWNSTAIRS
1440,WALKING_DOWNSTAIRS
1441,WALKING_DOWNSTAIRS
1442,WALKING_DOWNSTAIRS
1443,WALKING_DOWNSTAIRS
1444,WALKING_DOWNSTAIRS
1445,WALKING_DOWNSTAIRS
1446,WALKING_DOWNSTAIRS
1447,WALKING_DOWNSTAIRS
1448,WALKING_DOWNSTAIRS
1449,WALKING_DOWNSTAIRS
1450,WALKING_UPSTAIRS
1451,WALKING_UPSTAIRS
1452,WALKING_UPSTAIRS
1453,WALKING_UPSTAIRS
1454,WALKING_UPSTAIRS
1455,WALKING_UPSTAIRS
1456,WALKING_UPSTAIRS
1457,WALKING_UPSTAIRS
1458,WALKING_UPSTAIRS
1459,WALKING_UPSTAIRS
1460,WALKING_UPSTAIRS
1461,WALKING_UPSTAIRS
1462,WALKING_UPSTAIRS
1463,WALKING_UPSTAIRS
1464,WALKING_UPSTAIRS
1465,WALKING_UPSTAIRS
1466,WALKING_UPSTAIRS
1467,WALKING_UPSTAIRS
1468,WALKING_UPSTAIRS
1469,WALKING_UPSTAIRS
1470,WALKING_UPSTAIRS
1471,WALKING_UPSTAIRS
1472,WALKING_UPSTAIRS
1473,WALKING_UPSTAIRS
1474,WALKING_UPSTAIRS
1475,WALKING_UPSTAIRS
1476,STANDING
1477,STANDING
1478,STANDING
1479,STANDING
1480,STANDING
1481,STANDING
1482,STANDING
1483,STANDING
1484,STANDING
1485,STANDING
1486,STANDING
1487,STANDING
1488,STANDING
1489,STANDING
1490,STANDING
1491,STANDING
1492,STANDING
1493,STANDING
1494,STANDING
1495,STANDING
1496,STANDING
1497,STANDING
1498,STANDING
1499,STANDING
1500,STANDING
1501,SITTING
1502,SITTING
1503,SITTING
1504,SITTING
1505,SITTING
1506,SITTING
1507,SITTING
1508,SITTING
1509,SITTING
1510,SITTING
1511,SITTING
1512,SITTING
1513,SITTING
1514,SITTING
1515,SITTING
1516,SITTING
1517,SITTING
1518,SITTING
1519,SITTING
1520,SITTING
1521,SITTING
1522,SITTING
1523,LAYING
1524,LAYING
1525,LAYING
1526,LAYING
1527,LAYING
1528,LAYING
1529,LAYING
1530,LAYING
1531,LAYING
1532,LAYING
1533,LAYING
1534,LAYING
1535,LAYING
1536,LAYING
1537,LAYING
1538,LAYING
1539,LAYING
1540,LAYING
1541,LAYING
1542,LAYING
1543,LAYING
1544,LAYING
1545,LAYING
1546,LAYING
1547,LAYING
1548,WALKING
1549,WALKING
1550,WALKING
1551,WALKING
1552,WALKING
1553,WALKING
1554,WALKING
1555,WALKING
1556,WALKING
1557,WALKING
1558,WALKING
1559,WALKING
1560,WALKING
1561,WALKING
1562,WALKING
1563,WALKING
1564,WALKING
1565,WALKING
1566,WALKING
1567,WALKING
1568,WALKING
1569,WALKING
1570,WALKING
1571,WALKING
1572,WALKING
1573,WALKING
1574,WALKING
1575,WALKING
1576,WALKING_DOWNSTAIRS
1577,WALKING_DOWNSTAIRS
1578,WALKING_DOWNSTAIRS
1579,WALKING_DOWNSTAIRS
1580,WALKING_DOWNSTAIRS
1581,WALKING_DOWNSTAIRS
1582,WALKING_DOWNSTAIRS
1583,WALKING_DOWNSTAIRS
1584,WALKING_DOWNSTAIRS
1585,WALKING_DOWNSTAIRS
1586,WALKING_DOWNSTAIRS
1587,WALKING_DOWNSTAIRS
1588,WALKING_DOWNSTAIRS
1589,WALKING_DOWNSTAIRS
1590,WALKING_DOWNSTAIRS
1591,WALKING_DOWNSTAIRS
1592,WALKING_DOWNSTAIRS
1593,WALKING_DOWNSTAIRS
1594,WALKING_DOWNSTAIRS
1595,WALKING_DOWNSTAIRS
1596,WALKING_DOWNSTAIRS
1597,WALKING_DOWNSTAIRS
1598,WALKING_UPSTAIRS
1599,WALKING_UPSTAIRS
1600,WALKING_UPSTAIRS
1601,WALKING_UPSTAIRS
1602,WALKING_UPSTAIRS
1603,WALKING_UPSTAIRS
1604,WALKING_UPSTAIRS
1605,WALKING_UPSTAIRS
1606,WALKING_UPSTAIRS
1607,WALKING_UPSTAIRS
1608,WALKING_UPSTAIRS
1609,WALKING_UPSTAIRS
1610,WALKING_UPSTAIRS
1611,WALKING_UPSTAIRS
1612,WALKING_UPSTAIRS
1613,WALKING_UPSTAIRS
1614,WALKING_UPSTAIRS
1615,WALKING_UPSTAIRS
1616,WALKING_UPSTAIRS
1617,WALKING_UPSTAIRS
1618,WALKING_UPSTAIRS
1619,WALKING_UPSTAIRS
1620,WALKING_UPSTAIRS
1621,WALKING_UPSTAIRS
1622,WALKING_UPSTAIRS
1623,STANDING
1624,STANDING
1625,STANDING
1626,STANDING
1627,STANDING
1628,STANDING
1629,STANDING
1630,STANDING
1631,STANDING
1632,STANDING
1633,STANDING
1634,STANDING
1635,STANDING
1636,STANDING
1637,STANDING
1638,STANDING
1639,STANDING
1640,STANDING
1641,STANDING
1642,STANDING
1643,STANDING
1644,STANDING
1645,SITTING
1646,SITTING
1647,SITTING
1648,SITTING
1649,SITTING
1650,SITTING
1651,SITTING
1652,SITTING
1653,SITTING
1654,SITTING
1655,SITTING
1656,SITTING
1657,SITTING
1658,SITTING
1659,SITTING
1660,SITTING
1661,SITTING
1662,SITTING
1663,SITTING
1664,SITTING
1665,SITTING
1666,SITTING
1667,LAYING
1668,LAYING
1669,LAYING
1670,LAYING
1671,LAYING
1672,LAYING
1673,LAYING
1674,LAYING
1675,LAYING
1676,LAYING
1677,LAYING
1678,LAYING
1679,LAYING
1680,LAYING
1681,LAYING
1682,LAYING
1683,LAYING
1684,LAYING
1685,LAYING
1686,LAYING
1687,LAYING
1688,LAYING
1689,LAYING
1690,LAYING
1691,LAYING
1692,WALKING
1693,WALKING
1694,WALKING
1695,WALKING
1696,WALKING
1697,WALKING
1698,WALKING
1699,WALKING
1700,WALKING
1701,WALKING
1702,WALKING
1703,WALKING
1704,WALKING
1705,WALKING
1706,WALKING
1707,WALKING
1708,WALKING
1709,WALKING
1710,WALKING
1711,WALKING
1712,WALKING
1713,WALKING
1714,WALKING
1715,WALKING
1716,WALKING_DOWNSTAIRS
1717,WALKING_DOWNSTAIRS
1718,WALKING_DOWNSTAIRS
1719,WALKING_DOWNSTAIRS
1720,WALKING_DOWNSTAIRS
1721,WALKING_DOWNSTAIRS
1722,WALKING_DOWNSTAIRS
1723,WALKING_DOWNSTAIRS
1724,WALKING_DOWNSTAIRS
1725,WALKING_DOWNSTAIRS
1726,WALKING_DOWNSTAIRS
1727,WALKING_DOWNSTAIRS
1728,WALKING_DOWNSTAIRS
1729,WALKING_DOWNSTAIRS
1730,WALKING_DOWNSTAIRS
1731,WALKING_DOWNSTAIRS
1732,WALKING_DOWNSTAIRS
1733,WALKING_DOWNSTAIRS
1734,WALKING_DOWNSTAIRS
1735,WALKING_DOWNSTAIRS
1736,WALKING_UPSTAIRS
1737,WALKING_UPSTAIRS
1738,WALKING_UPSTAIRS
1739,WALKING_UPSTAIRS
1740,WALKING_UPSTAIRS
1741,WALKING_UPSTAIRS
1742,WALKING_UPSTAIRS
1743,WALKING_UPSTAIRS
1744,WALKING_UPSTAIRS
1745,WALKING_UPSTAIRS
1746,WALKING_UPSTAIRS
1747,WALKING_UPSTAIRS
1748,WALKING_UPSTAIRS
1749,WALKING_UPSTAIRS
1750,WALKING_UPSTAIRS
1751,WALKING_UPSTAIRS
1752,WALKING_UPSTAIRS
1753,WALKING_UPSTAIRS
1754,WALKING_UPSTAIRS
1755,WALKING_UPSTAIRS
1756,WALKING_UPSTAIRS
1757,STANDING
1758,STANDING
1759,STANDING
1760,STANDING
1761,STANDING
1762,STANDING
1763,STANDING
1764,STANDING
1765,STANDING
1766,STANDING
1767,STANDING
1768,STANDING
1769,STANDING
1770,STANDING
1771,STANDING
1772,STANDING
1773,STANDING
1774,STANDING
1775,STANDING
1776,STANDING
1777,STANDING
1778,STANDING
1779,STANDING
1780,STANDING
1781,STANDING
1782,STANDING
1783,STANDING
1784,STANDING
1785,STANDING
1786,STANDING
1787,STANDING
1788,STANDING
1789,SITTING
1790,SITTING
1791,SITTING
1792,SITTING
1793,SITTING
1794,SITTING
1795,SITTING
1796,SITTING
1797,SITTING
1798,SITTING
1799,SITTING
1800,SITTING
1801,SITTING
1802,SITTING
1803,SITTING
1804,SITTING
1805,SITTING
1806,SITTING
1807,SITTING
1808,SITTING
1809,SITTING
1810,SITTING
1811,SITTING
1812,SITTING
1813,LAYING
1814,LAYING
1815,LAYING
1816,LAYING
1817,LAYING
1818,LAYING
1819,LAYING
1820,LAYING
1821,LAYING
1822,LAYING
1823,LAYING
1824,LAYING
1825,LAYING
1826,LAYING
1827,LAYING
1828,LAYING
1829,LAYING
1830,LAYING
1831,LAYING
1832,LAYING
1833,LAYING
1834,LAYING
1835,LAYING
1836,LAYING
1837,LAYING
1838,LAYING
1839,LAYING
1840,LAYING
1841,LAYING
1842,WALKING
1843,WALKING
1844,WALKING
1845,WALKING
1846,WALKING
1847,WALKING
1848,WALKING
1849,WALKING
1850,WALKING
1851,WALKING
1852,WALKING
1853,WALKING
1854,WALKING
1855,WALKING
1856,WALKING
1857,WALKING
1858,WALKING
1859,WALKING
1860,WALKING
1861,WALKING
1862,WALKING
1863,WALKING
1864,WALKING
1865,WALKING
1866,WALKING_DOWNSTAIRS
1867,WALKING_DOWNSTAIRS
1868,WALKING_DOWNSTAIRS
1869,WALKING_DOWNSTAIRS
1870,WALKING_DOWNSTAIRS
1871,WALKING_DOWNSTAIRS
1872,WALKING_DOWNSTAIRS
1873,WALKING_DOWNSTAIRS
1874,WALKING_DOWNSTAIRS
1875,WALKING_DOWNSTAIRS
1876,WALKING_DOWNSTAIRS
1877,WALKING_DOWNSTAIRS
1878,WALKING_DOWNSTAIRS
1879,WALKING_DOWNSTAIRS
1880,WALKING_DOWNSTAIRS
1881,WALKING_DOWNSTAIRS
1882,WALKING_DOWNSTAIRS
1883,WALKING_DOWNSTAIRS
1884,WALKING_UPSTAIRS
1885,WALKING_UPSTAIRS
1886,WALKING_UPSTAIRS
1887,WALKING_UPSTAIRS
1888,WALKING_UPSTAIRS
1889,WALKING_UPSTAIRS
1890,WALKING_UPSTAIRS
1891,WALKING_UPSTAIRS
1892,WALKING_UPSTAIRS
1893,WALKING_UPSTAIRS
1894,WALKING_UPSTAIRS
1895,WALKING_UPSTAIRS
1896,WALKING_UPSTAIRS
1897,WALKING_UPSTAIRS
1898,WALKING_UPSTAIRS
1899,WALKING_UPSTAIRS
1900,WALKING_UPSTAIRS
1901,WALKING_UPSTAIRS
1902,WALKING_UPSTAIRS
1903,WALKING_UPSTAIRS
1904,STANDING
1905,STANDING
1906,STANDING
1907,STANDING
1908,STANDING
1909,STANDING
1910,STANDING
1911,STANDING
1912,STANDING
1913,STANDING
1914,STANDING
1915,STANDING
1916,STANDING
1917,STANDING
1918,STANDING
1919,STANDING
1920,STANDING
1921,STANDING
1922,STANDING
1923,STANDING
1924,STANDING
1925,SITTING
1926,SITTING
1927,SITTING
1928,SITTING
1929,SITTING
1930,SITTING
1931,SITTING
1932,SITTING
1933,SITTING
1934,SITTING
1935,SITTING
1936,SITTING
1937,SITTING
1938,SITTING
1939,SITTING
1940,SITTING
1941,SITTING
1942,SITTING
1943,SITTING
1944,SITTING
1945,SITTING
1946,SITTING
1947,SITTING
1948,SITTING
1949,SITTING
1950,SITTING
1951,LAYING
1952,LAYING
1953,LAYING
1954,LAYING
1955,LAYING
1956,LAYING
1957,LAYING
1958,LAYING
1959,LAYING
1960,LAYING
1961,LAYING
1962,LAYING
1963,LAYING
1964,LAYING
1965,LAYING
1966,LAYING
1967,LAYING
1968,LAYING
1969,LAYING
1970,LAYING
1971,LAYING
1972,LAYING
1973,LAYING
1974,LAYING
1975,LAYING
1976,LAYING
1977,LAYING
1978,LAYING
1979,LAYING
1980,LAYING
1981,WALKING
1982,WALKING
1983,WALKING
1984,WALKING
1985,WALKING
1986,WALKING
1987,WALKING
1988,WALKING
1989,WALKING
1990,WALKING
1991,WALKING
1992,WALKING
1993,WALKING
1994,WALKING
1995,WALKING
1996,WALKING
1997,WALKING
1998,WALKING
1999,WALKING
2000,WALKING
2001,WALKING
2002,WALKING
2003,WALKING
2004,WALKING
2005,WALKING
2006,WALKING
2007,WALKING
2008,WALKING
2009,WALKING
2010,WALKING_DOWNSTAIRS
2011,WALKING_DOWNSTAIRS
2012,WALKING_DOWNSTAIRS
2013,WALKING_DOWNSTAIRS
2014,WALKING_DOWNSTAIRS
2015,WALKING_DOWNSTAIRS
2016,WALKING_DOWNSTAIRS
2017,WALKING_DOWNSTAIRS
2018,WALKING_DOWNSTAIRS
2019,WALKING_DOWNSTAIRS
2020,WALKING_DOWNSTAIRS
2021,WALKING_DOWNSTAIRS
2022,WALKING_DOWNSTAIRS
2023,WALKING_DOWNSTAIRS
2024,WALKING_DOWNSTAIRS
2025,WALKING_DOWNSTAIRS
2026,WALKING_DOWNSTAIRS
2027,WALKING_DOWNSTAIRS
2028,WALKING_DOWNSTAIRS
2029,WALKING_DOWNSTAIRS
2030,WALKING_DOWNSTAIRS
2031,WALKING_DOWNSTAIRS
2032,WALKING_UPSTAIRS
2033,WALKING_UPSTAIRS
2034,WALKING_UPSTAIRS
2035,WALKING_UPSTAIRS
2036,WALKING_UPSTAIRS
2037,WALKING_UPSTAIRS
2038,WALKING_UPSTAIRS
2039,WALKING_UPSTAIRS
2040,WALKING_UPSTAIRS
2041,WALKING_UPSTAIRS
2042,WALKING_UPSTAIRS
2043,WALKING_UPSTAIRS
2044,WALKING_UPSTAIRS
2045,WALKING_UPSTAIRS
2046,WALKING_UPSTAIRS
2047,WALKING_UPSTAIRS
2048,WALKING_UPSTAIRS
2049,WALKING_UPSTAIRS
2050,WALKING_UPSTAIRS
2051,WALKING_UPSTAIRS
2052,WALKING_UPSTAIRS
2053,WALKING_UPSTAIRS
2054,WALKING_UPSTAIRS
2055,WALKING_UPSTAIRS
2056,WALKING_UPSTAIRS
2057,WALKING_UPSTAIRS
2058,STANDING
2059,STANDING
2060,STANDING
2061,STANDING
2062,STANDING
2063,STANDING
2064,STANDING
2065,STANDING
2066,STANDING
2067,STANDING
2068,STANDING
2069,STANDING
2070,STANDING
2071,STANDING
2072,STANDING
2073,STANDING
2074,STANDING
2075,STANDING
2076,STANDING
2077,STANDING
2078,STANDING
2079,STANDING
2080,STANDING
2081,STANDING
2082,STANDING
2083,STANDING
2084,SITTING
2085,SITTING
2086,SITTING
2087,SITTING
2088,SITTING
2089,SITTING
2090,SITTING
2091,SITTING
2092,SITTING
2093,SITTING
2094,SITTING
2095,SITTING
2096,SITTING
2097,SITTING
2098,SITTING
2099,SITTING
2100,SITTING
2101,SITTING
2102,SITTING
2103,SITTING
2104,SITTING
2105,SITTING
2106,SITTING
2107,SITTING
2108,SITTING
2109,SITTING
2110,SITTING
2111,LAYING
2112,LAYING
2113,LAYING
2114,LAYING
2115,LAYING
2116,LAYING
2117,LAYING
2118,LAYING
2119,LAYING
2120,LAYING
2121,LAYING
2122,LAYING
2123,LAYING
2124,LAYING
2125,LAYING
2126,LAYING
2127,LAYING
2128,LAYING
2129,LAYING
2130,LAYING
2131,LAYING
2132,LAYING
2133,LAYING
2134,LAYING
2135,LAYING
2136,LAYING
2137,LAYING
2138,WALKING
2139,WALKING
2140,WALKING
2141,WALKING
2142,WALKING
2143,WALKING
2144,WALKING
2145,WALKING
2146,WALKING
2147,WALKING
2148,WALKING
2149,WALKING
2150,WALKING
2151,WALKING
2152,WALKING
2153,WALKING
2154,WALKING
2155,WALKING
2156,WALKING
2157,WALKING
2158,WALKING
2159,WALKING
2160,WALKING
2161,WALKING
2162,WALKING
2163,WALKING
2164,WALKING
2165,WALKING
2166,WALKING
2167,WALKING
2168,WALKING_DOWNSTAIRS
2169,WALKING_DOWNSTAIRS
2170,WALKING_DOWNSTAIRS
2171,WALKING_DOWNSTAIRS
2172,WALKING_DOWNSTAIRS
2173,WALKING_DOWNSTAIRS
2174,WALKING_DOWNSTAIRS
2175,WALKING_DOWNSTAIRS
2176,WALKING_DOWNSTAIRS
2177,WALKING_DOWNSTAIRS
2178,WALKING_DOWNSTAIRS
2179,WALKING_DOWNSTAIRS
2180,WALKING_DOWNSTAIRS
2181,WALKING_DOWNSTAIRS
2182,WALKING_DOWNSTAIRS
2183,WALKING_DOWNSTAIRS
2184,WALKING_DOWNSTAIRS
2185,WALKING_DOWNSTAIRS
2186,WALKING_DOWNSTAIRS
2187,WALKING_DOWNSTAIRS
2188,WALKING_DOWNSTAIRS
2189,WALKING_DOWNSTAIRS
2190,WALKING_DOWNSTAIRS
2191,WALKING_DOWNSTAIRS
2192,WALKING_UPSTAIRS
2193,WALKING_UPSTAIRS
2194,WALKING_UPSTAIRS
2195,WALKING_UPSTAIRS
2196,WALKING_UPSTAIRS
2197,WALKING_UPSTAIRS
2198,WALKING_UPSTAIRS
2199,WALKING_UPSTAIRS
2200,WALKING_UPSTAIRS
2201,WALKING_UPSTAIRS
2202,WALKING_UPSTAIRS
2203,WALKING_UPSTAIRS
2204,WALKING_UPSTAIRS
2205,WALKING_UPSTAIRS
2206,WALKING_UPSTAIRS
2207,WALKING_UPSTAIRS
2208,WALKING_UPSTAIRS
2209,WALKING_UPSTAIRS
2210,WALKING_UPSTAIRS
2211,WALKING_UPSTAIRS
2212,WALKING_UPSTAIRS
2213,WALKING_UPSTAIRS
2214,WALKING_UPSTAIRS
2215,WALKING_UPSTAIRS
2216,WALKING_UPSTAIRS
2217,WALKING_UPSTAIRS
2218,WALKING_UPSTAIRS
2219,WALKING_UPSTAIRS
2220,STANDING
2221,STANDING
2222,STANDING
2223,STANDING
2224,STANDING
2225,STANDING
2226,STANDING
2227,STANDING
2228,STANDING
2229,STANDING
2230,STANDING
2231,STANDING
2232,STANDING
2233,STANDING
2234,STANDING
2235,STANDING
2236,STANDING
2237,STANDING
2238,STANDING
2239,STANDING
2240,STANDING
2241,STANDING
2242,STANDING
2243,STANDING
2244,STANDING
2245,STANDING
2246,STANDING
2247,STANDING
2248,STANDING
2249,STANDING
2250,SITTING
2251,SITTING
2252,SITTING
2253,SITTING
2254,SITTING
2255,SITTING
2256,SITTING
2257,SITTING
2258,SITTING
2259,SITTING
2260,SITTING
2261,SITTING
2262,SITTING
2263,SITTING
2264,SITTING
2265,SITTING
2266,SITTING
2267,SITTING
2268,SITTING
2269,SITTING
2270,SITTING
2271,SITTING
2272,SITTING
2273,SITTING
2274,SITTING
2275,SITTING
2276,LAYING
2277,LAYING
2278,LAYING
2279,LAYING
2280,LAYING
2281,LAYING
2282,LAYING
2283,LAYING
2284,LAYING
2285,LAYING
2286,LAYING
2287,LAYING
2288,LAYING
2289,LAYING
2290,LAYING
2291,LAYING
2292,LAYING
2293,LAYING
2294,LAYING
2295,LAYING
2296,LAYING
2297,LAYING
2298,LAYING
2299,LAYING
2300,LAYING
2301,WALKING
2302,WALKING
2303,WALKING
2304,WALKING
2305,WALKING
2306,WALKING
2307,WALKING
2308,WALKING
2309,WALKING
2310,WALKING
2311,WALKING
2312,WALKING
2313,WALKING
2314,WALKING
2315,WALKING
2316,WALKING
2317,WALKING
2318,WALKING
2319,WALKING
2320,WALKING
2321,WALKING
2322,WALKING
2323,WALKING
2324,WALKING
2325,WALKING
2326,WALKING
2327,WALKING
2328,WALKING
2329,WALKING
2330,WALKING
2331,WALKING_DOWNSTAIRS
2332,WALKING_DOWNSTAIRS
2333,WALKING_DOWNSTAIRS
2334,WALKING_DOWNSTAIRS
2335,WALKING_DOWNSTAIRS
2336,WALKING_DOWNSTAIRS
2337,WALKING_DOWNSTAIRS
2338,WALKING_DOWNSTAIRS
2339,WALKING_DOWNSTAIRS
2340,WALKING_DOWNSTAIRS
2341,WALKING_DOWNSTAIRS
2342,WALKING_DOWNSTAIRS
2343,WALKING_DOWNSTAIRS
2344,WALKING_DOWNSTAIRS
2345,WALKING_DOWNSTAIRS
2346,WALKING_DOWNSTAIRS
2347,WALKING_DOWNSTAIRS
2348,WALKING_DOWNSTAIRS
2349,WALKING_DOWNSTAIRS
2350,WALKING_DOWNSTAIRS
2351,WALKING_DOWNSTAIRS
2352,WALKING_DOWNSTAIRS
2353,WALKING_DOWNSTAIRS
2354,WALKING_DOWNSTAIRS
2355,WALKING_UPSTAIRS
2356,WALKING_UPSTAIRS
2357,WALKING_UPSTAIRS
2358,WALKING_UPSTAIRS
2359,WALKING_UPSTAIRS
2360,WALKING_UPSTAIRS
2361,WALKING_UPSTAIRS
2362,WALKING_UPSTAIRS
2363,WALKING_UPSTAIRS
2364,WALKING_UPSTAIRS
2365,WALKING_UPSTAIRS
2366,WALKING_UPSTAIRS
2367,WALKING_UPSTAIRS
2368,WALKING_UPSTAIRS
2369,WALKING_UPSTAIRS
2370,WALKING_UPSTAIRS
2371,WALKING_UPSTAIRS
2372,WALKING_UPSTAIRS
2373,WALKING_UPSTAIRS
2374,WALKING_UPSTAIRS
2375,WALKING_UPSTAIRS
2376,WALKING_UPSTAIRS
2377,WALKING_UPSTAIRS
2378,WALKING_UPSTAIRS
2379,WALKING_UPSTAIRS
2380,WALKING_UPSTAIRS
2381,WALKING_UPSTAIRS
2382,STANDING
2383,STANDING
2384,STANDING
2385,STANDING
2386,STANDING
2387,STANDING
2388,STANDING
2389,STANDING
2390,STANDING
2391,STANDING
2392,STANDING
2393,STANDING
2394,STANDING
2395,STANDING
2396,STANDING
2397,STANDING
2398,STANDING
2399,STANDING
2400,STANDING
2401,STANDING
2402,STANDING
2403,STANDING
2404,STANDING
2405,STANDING
2406,STANDING
2407,STANDING
2408,STANDING
2409,STANDING
2410,STANDING
2411,STANDING
2412,SITTING
2413,SITTING
2414,SITTING
2415,SITTING
2416,SITTING
2417,SITTING
2418,SITTING
2419,SITTING
2420,SITTING
2421,SITTING
2422,SITTING
2423,SITTING
2424,SITTING
2425,SITTING
2426,SITTING
2427,SITTING
2428,SITTING
2429,SITTING
2430,SITTING
2431,SITTING
2432,SITTING
2433,SITTING
2434,SITTING
2435,SITTING
2436,SITTING
2437,SITTING
2438,SITTING
2439,SITTING
2440,LAYING
2441,LAYING
2442,LAYING
2443,LAYING
2444,LAYING
2445,LAYING
2446,LAYING
2447,LAYING
2448,LAYING
2449,LAYING
2450,LAYING
2451,LAYING
2452,LAYING
2453,LAYING
2454,LAYING
2455,LAYING
2456,LAYING
2457,LAYING
2458,LAYING
2459,LAYING
2460,LAYING
2461,LAYING
2462,LAYING
2463,LAYING
2464,LAYING
2465,LAYING
2466,WALKING
2467,WALKING
2468,WALKING
2469,WALKING
2470,WALKING
2471,WALKING
2472,WALKING
2473,WALKING
2474,WALKING
2475,WALKING
2476,WALKING
2477,WALKING
2478,WALKING
2479,WALKING
2480,WALKING
2481,WALKING
2482,WALKING
2483,WALKING
2484,WALKING
2485,WALKING
2486,WALKING
2487,WALKING
2488,WALKING
2489,WALKING
2490,WALKING
2491,WALKING
2492,WALKING
2493,WALKING
2494,WALKING
2495,WALKING_DOWNSTAIRS
2496,WALKING_DOWNSTAIRS
2497,WALKING_DOWNSTAIRS
2498,WALKING_DOWNSTAIRS
2499,WALKING_DOWNSTAIRS
2500,WALKING_DOWNSTAIRS
2501,WALKING_DOWNSTAIRS
2502,WALKING_DOWNSTAIRS
2503,WALKING_DOWNSTAIRS
2504,WALKING_DOWNSTAIRS
2505,WALKING_DOWNSTAIRS
2506,WALKING_DOWNSTAIRS
2507,WALKING_DOWNSTAIRS
2508,WALKING_DOWNSTAIRS
2509,WALKING_DOWNSTAIRS
2510,WALKING_DOWNSTAIRS
2511,WALKING_DOWNSTAIRS
2512,WALKING_DOWNSTAIRS
2513,WALKING_DOWNSTAIRS
2514,WALKING_DOWNSTAIRS
2515,WALKING_DOWNSTAIRS
2516,WALKING_UPSTAIRS
2517,WALKING_UPSTAIRS
2518,WALKING_UPSTAIRS
2519,WALKING_UPSTAIRS
2520,WALKING_UPSTAIRS
2521,WALKING_UPSTAIRS
2522,WALKING_UPSTAIRS
2523,WALKING_UPSTAIRS
2524,WALKING_UPSTAIRS
2525,WALKING_UPSTAIRS
2526,WALKING_UPSTAIRS
2527,WALKING_UPSTAIRS
2528,WALKING_UPSTAIRS
2529,WALKING_UPSTAIRS
2530,WALKING_UPSTAIRS
2531,WALKING_UPSTAIRS
2532,WALKING_UPSTAIRS
2533,WALKING_UPSTAIRS
2534,WALKING_UPSTAIRS
2535,WALKING_UPSTAIRS
2536,WALKING_UPSTAIRS
2537,WALKING_UPSTAIRS
2538,WALKING_UPSTAIRS
2539,WALKING_UPSTAIRS
2540,WALKING_UPSTAIRS
2541,WALKING_UPSTAIRS
2542,WALKING_UPSTAIRS
2543,STANDING
2544,STANDING
2545,STANDING
2546,STANDING
2547,STANDING
2548,STANDING
2549,STANDING
2550,STANDING
2551,STANDING
2552,STANDING
2553,STANDING
2554,STANDING
2555,STANDING
2556,STANDING
2557,STANDING
2558,STANDING
2559,STANDING
2560,STANDING
2561,STANDING
2562,STANDING
2563,STANDING
2564,STANDING
2565,STANDING
2566,STANDING
2567,STANDING
2568,STANDING
2569,STANDING
2570,SITTING
2571,SITTING
2572,SITTING
2573,SITTING
2574,SITTING
2575,SITTING
2576,SITTING
2577,SITTING
2578,SITTING
2579,SITTING
2580,SITTING
2581,SITTING
2582,SITTING
2583,SITTING
2584,SITTING
2585,SITTING
2586,SITTING
2587,SITTING
2588,SITTING
2589,SITTING
2590,SITTING
2591,SITTING
2592,SITTING
2593,SITTING
2594,SITTING
2595,SITTING
2596,SITTING
2597,LAYING
2598,LAYING
2599,LAYING
2600,LAYING
2601,LAYING
2602,LAYING
2603,LAYING
2604,LAYING
2605,LAYING
2606,LAYING
2607,LAYING
2608,LAYING
2609,LAYING
2610,LAYING
2611,LAYING
2612,LAYING
2613,LAYING
2614,LAYING
2615,LAYING
2616,LAYING
2617,LAYING
2618,LAYING
2619,LAYING
2620,LAYING
2621,LAYING
2622,LAYING
2623,LAYING
2624,LAYING
2625,LAYING
2626,LAYING
2627,LAYING
2628,LAYING
2629,LAYING
2630,LAYING
2631,WALKING
2632,WALKING
2633,WALKING
2634,WALKING
2635,WALKING
2636,WALKING
2637,WALKING
2638,WALKING
2639,WALKING
2640,WALKING
2641,WALKING
2642,WALKING
2643,WALKING
2644,WALKING
2645,WALKING
2646,WALKING
2647,WALKING
2648,WALKING
2649,WALKING
2650,WALKING
2651,WALKING
2652,WALKING
2653,WALKING
2654,WALKING
2655,WALKING
2656,WALKING
2657,WALKING
2658,WALKING
2659,WALKING_DOWNSTAIRS
2660,WALKING_DOWNSTAIRS
2661,WALKING_DOWNSTAIRS
2662,WALKING_DOWNSTAIRS
2663,WALKING_DOWNSTAIRS
2664,WALKING_DOWNSTAIRS
2665,WALKING_DOWNSTAIRS
2666,WALKING_DOWNSTAIRS
2667,WALKING_DOWNSTAIRS
2668,WALKING_DOWNSTAIRS
2669,WALKING_DOWNSTAIRS
2670,WALKING_DOWNSTAIRS
2671,WALKING_DOWNSTAIRS
2672,WALKING_DOWNSTAIRS
2673,WALKING_DOWNSTAIRS
2674,WALKING_DOWNSTAIRS
2675,WALKING_DOWNSTAIRS
2676,WALKING_DOWNSTAIRS
2677,WALKING_DOWNSTAIRS
2678,WALKING_DOWNSTAIRS
2679,WALKING_DOWNSTAIRS
2680,WALKING_UPSTAIRS
2681,WALKING_UPSTAIRS
2682,WALKING_UPSTAIRS
2683,WALKING_UPSTAIRS
2684,WALKING_UPSTAIRS
2685,WALKING_UPSTAIRS
2686,WALKING_UPSTAIRS
2687,WALKING_UPSTAIRS
2688,WALKING_UPSTAIRS
2689,WALKING_UPSTAIRS
2690,WALKING_UPSTAIRS
2691,WALKING_UPSTAIRS
2692,WALKING_UPSTAIRS
2693,WALKING_UPSTAIRS
2694,WALKING_UPSTAIRS
2695,WALKING_UPSTAIRS
2696,WALKING_UPSTAIRS
2697,WALKING_UPSTAIRS
2698,WALKING_UPSTAIRS
2699,WALKING_UPSTAIRS
2700,WALKING_UPSTAIRS
2701,WALKING_UPSTAIRS
2702,WALKING_UPSTAIRS
2703,WALKING_UPSTAIRS
2704,STANDING
2705,STANDING
2706,STANDING
2707,STANDING
2708,STANDING
2709,STANDING
2710,STANDING
2711,STANDING
2712,STANDING
2713,STANDING
2714,STANDING
2715,STANDING
2716,STANDING
2717,STANDING
2718,STANDING
2719,STANDING
2720,STANDING
2721,STANDING
2722,STANDING
2723,STANDING
2724,STANDING
2725,STANDING
2726,STANDING
2727,STANDING
2728,STANDING
2729,STANDING
2730,SITTING
2731,SITTING
2732,SITTING
2733,SITTING
2734,SITTING
2735,SITTING
2736,SITTING
2737,SITTING
2738,SITTING
2739,SITTING
2740,SITTING
2741,SITTING
2742,SITTING
2743,SITTING
2744,SITTING
2745,SITTING
2746,SITTING
2747,SITTING
2748,SITTING
2749,SITTING
2750,SITTING
2751,SITTING
2752,SITTING
2753,SITTING
2754,SITTING
2755,SITTING
2756,SITTING
2757,SITTING
2758,SITTING
2759,SITTING
2760,SITTING
2761,SITTING
2762,LAYING
2763,LAYING
2764,LAYING
2765,LAYING
2766,LAYING
2767,LAYING
2768,LAYING
2769,LAYING
2770,LAYING
2771,LAYING
2772,LAYING
2773,LAYING
2774,LAYING
2775,LAYING
2776,LAYING
2777,LAYING
2778,LAYING
2779,LAYING
2780,LAYING
2781,LAYING
2782,LAYING
2783,LAYING
2784,LAYING
2785,LAYING
2786,LAYING
2787,LAYING
2788,LAYING
2789,LAYING
2790,LAYING
2791,LAYING
2792,LAYING
2793,LAYING
2794,LAYING
2795,LAYING
2796,LAYING
2797,LAYING
2798,LAYING
2799,LAYING
2800,WALKING
2801,WALKING
2802,WALKING
2803,WALKING
2804,WALKING
2805,WALKING
2806,WALKING
2807,WALKING
2808,WALKING
2809,WALKING
2810,WALKING
2811,WALKING
2812,WALKING
2813,WALKING
2814,WALKING
2815,WALKING
2816,WALKING
2817,WALKING
2818,WALKING
2819,WALKING
2820,WALKING
2821,WALKING
2822,WALKING
2823,WALKING
2824,WALKING
2825,WALKING
2826,WALKING_DOWNSTAIRS
2827,WALKING_DOWNSTAIRS
2828,WALKING_DOWNSTAIRS
2829,WALKING_DOWNSTAIRS
2830,WALKING_DOWNSTAIRS
2831,WALKING_DOWNSTAIRS
2832,WALKING_DOWNSTAIRS
2833,WALKING_DOWNSTAIRS
2834,WALKING_DOWNSTAIRS
2835,WALKING_DOWNSTAIRS
2836,WALKING_DOWNSTAIRS
2837,WALKING_DOWNSTAIRS
2838,WALKING_DOWNSTAIRS
2839,WALKING_DOWNSTAIRS
2840,WALKING_DOWNSTAIRS
2841,WALKING_DOWNSTAIRS
2842,WALKING_DOWNSTAIRS
2843,WALKING_DOWNSTAIRS
2844,WALKING_DOWNSTAIRS
2845,WALKING_DOWNSTAIRS
2846,WALKING_DOWNSTAIRS
2847,WALKING_UPSTAIRS
2848,WALKING_UPSTAIRS
2849,WALKING_UPSTAIRS
2850,WALKING_UPSTAIRS
2851,WALKING_UPSTAIRS
2852,WALKING_UPSTAIRS
2853,WALKING_UPSTAIRS
2854,WALKING_UPSTAIRS
2855,WALKING_UPSTAIRS
2856,WALKING_UPSTAIRS
2857,WALKING_UPSTAIRS
2858,WALKING_UPSTAIRS
2859,WALKING_UPSTAIRS
2860,WALKING_UPSTAIRS
2861,WALKING_UPSTAIRS
2862,WALKING_UPSTAIRS
2863,WALKING_UPSTAIRS
2864,WALKING_UPSTAIRS
2865,WALKING_UPSTAIRS
2866,WALKING_UPSTAIRS
2867,WALKING_UPSTAIRS
2868,WALKING_UPSTAIRS
2869,WALKING_UPSTAIRS
2870,WALKING_UPSTAIRS
2871,STANDING
2872,STANDING
2873,STANDING
2874,STANDING
2875,STANDING
2876,STANDING
2877,STANDING
2878,STANDING
2879,STANDING
2880,STANDING
2881,STANDING
2882,STANDING
2883,STANDING
2884,STANDING
2885,STANDING
2886,STANDING
2887,STANDING
2888,STANDING
2889,STANDING
2890,STANDING
2891,STANDING
2892,STANDING
2893,STANDING
2894,STANDING
2895,STANDING
2896,STANDING
2897,STANDING
2898,STANDING
2899,STANDING
2900,STANDING
2901,STANDING
2902,STANDING
2903,STANDING
2904,STANDING
2905,STANDING
2906,STANDING
2907,SITTING
2908,SITTING
2909,SITTING
2910,SITTING
2911,SITTING
2912,SITTING
2913,SITTING
2914,SITTING
2915,SITTING
2916,SITTING
2917,SITTING
2918,SITTING
2919,SITTING
2920,SITTING
2921,SITTING
2922,SITTING
2923,SITTING
2924,SITTING
2925,SITTING
2926,SITTING
2927,SITTING
2928,SITTING
2929,SITTING
2930,SITTING
2931,SITTING
2932,SITTING
2933,SITTING
2934,SITTING
2935,SITTING
2936,SITTING
2937,SITTING
2938,LAYING
2939,LAYING
2940,LAYING
2941,LAYING
2942,LAYING
2943,LAYING
2944,LAYING
2945,LAYING
2946,LAYING
2947,LAYING
2948,LAYING
2949,LAYING
2950,LAYING
2951,LAYING
2952,LAYING
2953,LAYING
2954,LAYING
2955,LAYING
2956,LAYING
2957,LAYING
2958,LAYING
2959,LAYING
2960,LAYING
2961,LAYING
2962,LAYING
2963,LAYING
2964,LAYING
2965,LAYING
2966,LAYING
2967,LAYING
2968,LAYING
2969,LAYING
2970,LAYING
2971,LAYING
2972,LAYING
2973,WALKING
2974,WALKING
2975,WALKING
2976,WALKING
2977,WALKING
2978,WALKING
2979,WALKING
2980,WALKING
2981,WALKING
2982,WALKING
2983,WALKING
2984,WALKING
2985,WALKING
2986,WALKING
2987,WALKING
2988,WALKING
2989,WALKING
2990,WALKING
2991,WALKING
2992,WALKING
2993,WALKING
2994,WALKING
2995,WALKING
2996,WALKING
2997,WALKING
2998,WALKING
2999,WALKING_DOWNSTAIRS
3000,WALKING_DOWNSTAIRS
3001,WALKING_DOWNSTAIRS
3002,WALKING_DOWNSTAIRS
3003,WALKING_DOWNSTAIRS
3004,WALKING_DOWNSTAIRS
3005,WALKING_DOWNSTAIRS
3006,WALKING_DOWNSTAIRS
3007,WALKING_DOWNSTAIRS
3008,WALKING_DOWNSTAIRS
3009,WALKING_DOWNSTAIRS
3010,WALKING_DOWNSTAIRS
3011,WALKING_DOWNSTAIRS
3012,WALKING_DOWNSTAIRS
3013,WALKING_DOWNSTAIRS
3014,WALKING_DOWNSTAIRS
3015,WALKING_DOWNSTAIRS
3016,WALKING_DOWNSTAIRS
3017,WALKING_DOWNSTAIRS
3018,WALKING_DOWNSTAIRS
3019,WALKING_DOWNSTAIRS
3020,WALKING_DOWNSTAIRS
3021,WALKING_DOWNSTAIRS
3022,WALKING_DOWNSTAIRS
3023,WALKING_UPSTAIRS
3024,WALKING_UPSTAIRS
3025,WALKING_UPSTAIRS
3026,WALKING_UPSTAIRS
3027,WALKING_UPSTAIRS
3028,WALKING_UPSTAIRS
3029,WALKING_UPSTAIRS
3030,WALKING_UPSTAIRS
3031,WALKING_UPSTAIRS
3032,WALKING_UPSTAIRS
3033,WALKING_UPSTAIRS
3034,WALKING_UPSTAIRS
3035,WALKING_UPSTAIRS
3036,WALKING_UPSTAIRS
3037,WALKING_UPSTAIRS
3038,WALKING_UPSTAIRS
3039,WALKING_UPSTAIRS
3040,WALKING_UPSTAIRS
3041,WALKING_UPSTAIRS
3042,WALKING_UPSTAIRS
3043,WALKING_UPSTAIRS
3044,WALKING_UPSTAIRS
3045,WALKING_UPSTAIRS
3046,WALKING_UPSTAIRS
3047,WALKING_UPSTAIRS
3048,WALKING_UPSTAIRS
3049,WALKING_UPSTAIRS
3050,STANDING
3051,STANDING
3052,STANDING
3053,STANDING
3054,STANDING
3055,STANDING
3056,STANDING
3057,STANDING
3058,STANDING
3059,STANDING
3060,STANDING
3061,STANDING
3062,STANDING
3063,STANDING
3064,STANDING
3065,STANDING
3066,STANDING
3067,STANDING
3068,STANDING
3069,STANDING
3070,STANDING
3071,STANDING
3072,STANDING
3073,STANDING
3074,STANDING
3075,STANDING
3076,STANDING
3077,STANDING
3078,STANDING
3079,STANDING
3080,STANDING
3081,STANDING
3082,STANDING
3083,STANDING
3084,STANDING
3085,STANDING
3086,STANDING
3087,STANDING
3088,STANDING
3089,STANDING
3090,STANDING
3091,STANDING
3092,SITTING
3093,SITTING
3094,SITTING
3095,SITTING
3096,SITTING
3097,SITTING
3098,SITTING
3099,SITTING
3100,SITTING
3101,SITTING
3102,SITTING
3103,SITTING
3104,SITTING
3105,SITTING
3106,SITTING
3107,SITTING
3108,SITTING
3109,SITTING
3110,SITTING
3111,SITTING
3112,SITTING
3113,SITTING
3114,SITTING
3115,SITTING
3116,SITTING
3117,SITTING
3118,SITTING
3119,SITTING
3120,SITTING
3121,SITTING
3122,SITTING
3123,SITTING
3124,SITTING
3125,SITTING
3126,SITTING
3127,SITTING
3128,SITTING
3129,SITTING
3130,LAYING
3131,LAYING
3132,LAYING
3133,LAYING
3134,LAYING
3135,LAYING
3136,LAYING
3137,LAYING
3138,LAYING
3139,LAYING
3140,LAYING
3141,LAYING
3142,LAYING
3143,LAYING
3144,LAYING
3145,LAYING
3146,LAYING
3147,LAYING
3148,LAYING
3149,LAYING
3150,LAYING
3151,LAYING
3152,LAYING
3153,LAYING
3154,LAYING
3155,LAYING
3156,LAYING
3157,LAYING
3158,LAYING
3159,LAYING
3160,LAYING
3161,LAYING
3162,LAYING
3163,LAYING
3164,LAYING
3165,WALKING
3166,WALKING
3167,WALKING
3168,WALKING
3169,WALKING
3170,WALKING
3171,WALKING
3172,WALKING
3173,WALKING
3174,WALKING
3175,WALKING
3176,WALKING
3177,WALKING
3178,WALKING
3179,WALKING
3180,WALKING
3181,WALKING
3182,WALKING
3183,WALKING
3184,WALKING
3185,WALKING
3186,WALKING
3187,WALKING
3188,WALKING
3189,WALKING
3190,WALKING_DOWNSTAIRS
3191,WALKING_DOWNSTAIRS
3192,WALKING_DOWNSTAIRS
3193,WALKING_DOWNSTAIRS
3194,WALKING_DOWNSTAIRS
3195,WALKING_DOWNSTAIRS
3196,WALKING_DOWNSTAIRS
3197,WALKING_DOWNSTAIRS
3198,WALKING_DOWNSTAIRS
3199,WALKING_DOWNSTAIRS
3200,WALKING_DOWNSTAIRS
3201,WALKING_DOWNSTAIRS
3202,WALKING_DOWNSTAIRS
3203,WALKING_DOWNSTAIRS
3204,WALKING_DOWNSTAIRS
3205,WALKING_DOWNSTAIRS
3206,WALKING_DOWNSTAIRS
3207,WALKING_DOWNSTAIRS
3208,WALKING_DOWNSTAIRS
3209,WALKING_DOWNSTAIRS
3210,WALKING_DOWNSTAIRS
3211,WALKING_DOWNSTAIRS
3212,WALKING_DOWNSTAIRS
3213,WALKING_UPSTAIRS
3214,WALKING_UPSTAIRS
3215,WALKING_UPSTAIRS
3216,WALKING_UPSTAIRS
3217,WALKING_UPSTAIRS
3218,WALKING_UPSTAIRS
3219,WALKING_UPSTAIRS
3220,WALKING_UPSTAIRS
3221,WALKING_UPSTAIRS
3222,WALKING_UPSTAIRS
3223,WALKING_UPSTAIRS
3224,WALKING_UPSTAIRS
3225,WALKING_UPSTAIRS
3226,WALKING_UPSTAIRS
3227,WALKING_UPSTAIRS
3228,WALKING_UPSTAIRS
3229,WALKING_UPSTAIRS
3230,WALKING_UPSTAIRS
3231,WALKING_UPSTAIRS
3232,WALKING_UPSTAIRS
3233,WALKING_UPSTAIRS
3234,WALKING_UPSTAIRS
3235,WALKING_UPSTAIRS
3236,WALKING_UPSTAIRS
3237,STANDING
3238,STANDING
3239,STANDING
3240,STANDING
3241,STANDING
3242,STANDING
3243,STANDING
3244,STANDING
3245,STANDING
3246,STANDING
3247,STANDING
3248,STANDING
3249,STANDING
3250,STANDING
3251,STANDING
3252,STANDING
3253,STANDING
3254,STANDING
3255,STANDING
3256,STANDING
3257,STANDING
3258,STANDING
3259,STANDING
3260,STANDING
3261,STANDING
3262,STANDING
3263,STANDING
3264,STANDING
3265,STANDING
3266,STANDING
3267,STANDING
3268,STANDING
3269,STANDING
3270,STANDING
3271,STANDING
3272,STANDING
3273,STANDING
3274,STANDING
3275,STANDING
3276,STANDING
3277,STANDING
3278,STANDING
3279,STANDING
3280,SITTING
3281,SITTING
3282,SITTING
3283,SITTING
3284,SITTING
3285,SITTING
3286,SITTING
3287,SITTING
3288,SITTING
3289,SITTING
3290,SITTING
3291,SITTING
3292,SITTING
3293,SITTING
3294,SITTING
3295,SITTING
3296,SITTING
3297,SITTING
3298,SITTING
3299,SITTING
3300,SITTING
3301,SITTING
3302,SITTING
3303,SITTING
3304,SITTING
3305,SITTING
3306,SITTING
3307,SITTING
3308,SITTING
3309,SITTING
3310,SITTING
3311,SITTING
3312,SITTING
3313,LAYING
3314,LAYING
3315,LAYING
3316,LAYING
3317,LAYING
3318,LAYING
3319,LAYING
3320,LAYING
3321,LAYING
3322,LAYING
3323,LAYING
3324,LAYING
3325,LAYING
3326,LAYING
3327,LAYING
3328,LAYING
3329,LAYING
3330,LAYING
3331,LAYING
3332,LAYING
3333,LAYING
3334,LAYING
3335,LAYING
3336,LAYING
3337,LAYING
3338,LAYING
3339,LAYING
3340,LAYING
3341,LAYING
3342,LAYING
3343,LAYING
3344,LAYING
3345,LAYING
3346,LAYING
3347,LAYING
3348,WALKING
3349,WALKING
3350,WALKING
3351,WALKING
3352,WALKING
3353,WALKING
3354,WALKING
3355,WALKING
3356,WALKING
3357,WALKING
3358,WALKING
3359,WALKING
3360,WALKING
3361,WALKING
3362,WALKING
3363,WALKING
3364,WALKING
3365,WALKING
3366,WALKING
3367,WALKING
3368,WALKING
3369,WALKING
3370,WALKING
3371,WALKING
3372,WALKING
3373,WALKING
3374,WALKING
3375,WALKING
3376,WALKING
3377,WALKING
3378,WALKING
3379,WALKING
3380,WALKING_DOWNSTAIRS
3381,WALKING_DOWNSTAIRS
3382,WALKING_DOWNSTAIRS
3383,WALKING_DOWNSTAIRS
3384,WALKING_DOWNSTAIRS
3385,WALKING_DOWNSTAIRS
3386,WALKING_DOWNSTAIRS
3387,WALKING_DOWNSTAIRS
3388,WALKING_UPSTAIRS
3389,WALKING_UPSTAIRS
3390,WALKING_UPSTAIRS
3391,WALKING_UPSTAIRS
3392,WALKING_UPSTAIRS
3393,WALKING_UPSTAIRS
3394,WALKING_UPSTAIRS
3395,WALKING_UPSTAIRS
3396,WALKING_DOWNSTAIRS
3397,WALKING_DOWNSTAIRS
3398,WALKING_DOWNSTAIRS
3399,WALKING_DOWNSTAIRS
3400,WALKING_DOWNSTAIRS
3401,WALKING_DOWNSTAIRS
3402,WALKING_DOWNSTAIRS
3403,WALKING_DOWNSTAIRS
3404,WALKING_UPSTAIRS
3405,WALKING_UPSTAIRS
3406,WALKING_UPSTAIRS
3407,WALKING_UPSTAIRS
3408,WALKING_UPSTAIRS
3409,WALKING_UPSTAIRS
3410,WALKING_UPSTAIRS
3411,WALKING_UPSTAIRS
3412,WALKING_DOWNSTAIRS
3413,WALKING_DOWNSTAIRS
3414,WALKING_DOWNSTAIRS
3415,WALKING_DOWNSTAIRS
3416,WALKING_DOWNSTAIRS
3417,WALKING_DOWNSTAIRS
3418,WALKING_DOWNSTAIRS
3419,WALKING_UPSTAIRS
3420,WALKING_UPSTAIRS
3421,WALKING_UPSTAIRS
3422,WALKING_UPSTAIRS
3423,WALKING_UPSTAIRS
3424,WALKING_UPSTAIRS
3425,WALKING_UPSTAIRS
3426,WALKING_UPSTAIRS
3427,STANDING
3428,STANDING
3429,STANDING
3430,STANDING
3431,STANDING
3432,STANDING
3433,STANDING
3434,STANDING
3435,STANDING
3436,STANDING
3437,STANDING
3438,STANDING
3439,STANDING
3440,STANDING
3441,STANDING
3442,STANDING
3443,STANDING
3444,STANDING
3445,STANDING
3446,STANDING
3447,STANDING
3448,STANDING
3449,STANDING
3450,STANDING
3451,STANDING
3452,STANDING
3453,STANDING
3454,STANDING
3455,STANDING
3456,STANDING
3457,STANDING
3458,STANDING
3459,STANDING
3460,STANDING
3461,STANDING
3462,SITTING
3463,SITTING
3464,SITTING
3465,SITTING
3466,SITTING
3467,SITTING
3468,SITTING
3469,SITTING
3470,SITTING
3471,SITTING
3472,SITTING
3473,SITTING
3474,SITTING
3475,SITTING
3476,SITTING
3477,SITTING
3478,SITTING
3479,SITTING
3480,SITTING
3481,SITTING
3482,SITTING
3483,SITTING
3484,SITTING
3485,SITTING
3486,SITTING
3487,SITTING
3488,SITTING
3489,SITTING
3490,SITTING
3491,SITTING
3492,SITTING
3493,LAYING
3494,LAYING
3495,LAYING
3496,LAYING
3497,LAYING
3498,LAYING
3499,LAYING
3500,LAYING
3501,LAYING
3502,LAYING
3503,LAYING
3504,LAYING
3505,LAYING
3506,LAYING
3507,LAYING
3508,LAYING
3509,LAYING
3510,LAYING
3511,LAYING
3512,LAYING
3513,LAYING
3514,LAYING
3515,LAYING
3516,LAYING
3517,LAYING
3518,LAYING
3519,LAYING
3520,LAYING
3521,LAYING
3522,LAYING
3523,LAYING
3524,LAYING
3525,LAYING
3526,LAYING
3527,LAYING
3528,LAYING
3529,WALKING
3530,WALKING
3531,WALKING
3532,WALKING
3533,WALKING
3534,WALKING
3535,WALKING
3536,WALKING
3537,WALKING
3538,WALKING
3539,WALKING
3540,WALKING
3541,WALKING
3542,WALKING
3543,WALKING
3544,WALKING
3545,WALKING
3546,WALKING
3547,WALKING
3548,WALKING
3549,WALKING
3550,WALKING
3551,WALKING
3552,WALKING
3553,WALKING
3554,WALKING
3555,WALKING
3556,WALKING
3557,WALKING
3558,WALKING_DOWNSTAIRS
3559,WALKING_DOWNSTAIRS
3560,WALKING_DOWNSTAIRS
3561,WALKING_DOWNSTAIRS
3562,WALKING_DOWNSTAIRS
3563,WALKING_DOWNSTAIRS
3564,WALKING_DOWNSTAIRS
3565,WALKING_DOWNSTAIRS
3566,WALKING_DOWNSTAIRS
3567,WALKING_DOWNSTAIRS
3568,WALKING_DOWNSTAIRS
3569,WALKING_DOWNSTAIRS
3570,WALKING_DOWNSTAIRS
3571,WALKING_DOWNSTAIRS
3572,WALKING_DOWNSTAIRS
3573,WALKING_UPSTAIRS
3574,WALKING_UPSTAIRS
3575,WALKING_UPSTAIRS
3576,WALKING_UPSTAIRS
3577,WALKING_UPSTAIRS
3578,WALKING_UPSTAIRS
3579,WALKING_UPSTAIRS
3580,WALKING_UPSTAIRS
3581,WALKING_UPSTAIRS
3582,WALKING_UPSTAIRS
3583,WALKING_UPSTAIRS
3584,WALKING_UPSTAIRS
3585,WALKING_UPSTAIRS
3586,WALKING_UPSTAIRS
3587,WALKING_UPSTAIRS
3588,WALKING_UPSTAIRS
3589,WALKING_UPSTAIRS
3590,WALKING_UPSTAIRS
3591,WALKING_UPSTAIRS
3592,WALKING_UPSTAIRS
3593,WALKING_UPSTAIRS
3594,WALKING_UPSTAIRS
3595,WALKING_UPSTAIRS
3596,WALKING_UPSTAIRS
3597,WALKING_DOWNSTAIRS
3598,WALKING_DOWNSTAIRS
3599,WALKING_DOWNSTAIRS
3600,WALKING_DOWNSTAIRS
3601,WALKING_DOWNSTAIRS
3602,WALKING_DOWNSTAIRS
3603,WALKING_DOWNSTAIRS
3604,WALKING_DOWNSTAIRS
3605,STANDING
3606,STANDING
3607,STANDING
3608,STANDING
3609,STANDING
3610,STANDING
3611,STANDING
3612,STANDING
3613,STANDING
3614,STANDING
3615,STANDING
3616,STANDING
3617,STANDING
3618,STANDING
3619,STANDING
3620,STANDING
3621,STANDING
3622,STANDING
3623,STANDING
3624,STANDING
3625,STANDING
3626,STANDING
3627,STANDING
3628,STANDING
3629,STANDING
3630,STANDING
3631,STANDING
3632,STANDING
3633,STANDING
3634,STANDING
3635,STANDING
3636,STANDING
3637,STANDING
3638,STANDING
3639,STANDING
3640,STANDING
3641,STANDING
3642,STANDING
3643,STANDING
3644,STANDING
3645,STANDING
3646,SITTING
3647,SITTING
3648,SITTING
3649,SITTING
3650,SITTING
3651,SITTING
3652,SITTING
3653,SITTING
3654,SITTING
3655,SITTING
3656,SITTING
3657,SITTING
3658,SITTING
3659,SITTING
3660,SITTING
3661,SITTING
3662,SITTING
3663,SITTING
3664,SITTING
3665,SITTING
3666,SITTING
3667,SITTING
3668,SITTING
3669,SITTING
3670,SITTING
3671,SITTING
3672,SITTING
3673,SITTING
3674,SITTING
3675,SITTING
3676,SITTING
3677,SITTING
3678,SITTING
3679,SITTING
3680,SITTING
3681,SITTING
3682,SITTING
3683,LAYING
3684,LAYING
3685,LAYING
3686,LAYING
3687,LAYING
3688,LAYING
3689,LAYING
3690,LAYING
3691,LAYING
3692,LAYING
3693,LAYING
3694,LAYING
3695,LAYING
3696,LAYING
3697,LAYING
3698,LAYING
3699,LAYING
3700,LAYING
3701,LAYING
3702,LAYING
3703,LAYING
3704,LAYING
3705,LAYING
3706,LAYING
3707,LAYING
3708,LAYING
3709,LAYING
3710,LAYING
3711,LAYING
3712,LAYING
3713,LAYING
3714,LAYING
3715,LAYING
3716,LAYING
3717,LAYING
3718,LAYING
3719,LAYING
3720,LAYING
3721,LAYING
3722,LAYING
3723,LAYING
3724,WALKING
3725,WALKING
3726,WALKING
3727,WALKING
3728,WALKING
3729,WALKING
3730,WALKING
3731,WALKING
3732,WALKING
3733,WALKING
3734,WALKING
3735,WALKING
3736,WALKING
3737,WALKING
3738,WALKING
3739,WALKING
3740,WALKING
3741,WALKING
3742,WALKING
3743,WALKING
3744,WALKING
3745,WALKING
3746,WALKING
3747,WALKING
3748,WALKING
3749,WALKING
3750,WALKING
3751,WALKING_DOWNSTAIRS
3752,WALKING_DOWNSTAIRS
3753,WALKING_DOWNSTAIRS
3754,WALKING_DOWNSTAIRS
3755,WALKING_DOWNSTAIRS
3756,WALKING_DOWNSTAIRS
3757,WALKING_DOWNSTAIRS
3758,WALKING_DOWNSTAIRS
3759,WALKING_DOWNSTAIRS
3760,WALKING_DOWNSTAIRS
3761,WALKING_DOWNSTAIRS
3762,WALKING_DOWNSTAIRS
3763,WALKING_DOWNSTAIRS
3764,WALKING_DOWNSTAIRS
3765,WALKING_UPSTAIRS
3766,WALKING_UPSTAIRS
3767,WALKING_UPSTAIRS
3768,WALKING_UPSTAIRS
3769,WALKING_UPSTAIRS
3770,WALKING_UPSTAIRS
3771,WALKING_UPSTAIRS
3772,WALKING_UPSTAIRS
3773,WALKING_UPSTAIRS
3774,WALKING_UPSTAIRS
3775,WALKING_UPSTAIRS
3776,WALKING_UPSTAIRS
3777,WALKING_UPSTAIRS
3778,WALKING_UPSTAIRS
3779,WALKING_DOWNSTAIRS
3780,WALKING_DOWNSTAIRS
3781,WALKING_DOWNSTAIRS
3782,WALKING_DOWNSTAIRS
3783,WALKING_DOWNSTAIRS
3784,WALKING_DOWNSTAIRS
3785,WALKING_DOWNSTAIRS
3786,WALKING_UPSTAIRS
3787,WALKING_UPSTAIRS
3788,WALKING_UPSTAIRS
3789,WALKING_UPSTAIRS
3790,WALKING_UPSTAIRS
3791,WALKING_UPSTAIRS
3792,WALKING_UPSTAIRS
3793,STANDING
3794,STANDING
3795,STANDING
3796,STANDING
3797,STANDING
3798,STANDING
3799,STANDING
3800,STANDING
3801,STANDING
3802,STANDING
3803,STANDING
3804,STANDING
3805,STANDING
3806,STANDING
3807,STANDING
3808,STANDING
3809,STANDING
3810,STANDING
3811,STANDING
3812,STANDING
3813,STANDING
3814,STANDING
3815,STANDING
3816,STANDING
3817,STANDING
3818,STANDING
3819,STANDING
3820,STANDING
3821,STANDING
3822,STANDING
3823,STANDING
3824,STANDING
3825,SITTING
3826,SITTING
3827,SITTING
3828,SITTING
3829,SITTING
3830,SITTING
3831,SITTING
3832,SITTING
3833,SITTING
3834,SITTING
3835,SITTING
3836,SITTING
3837,SITTING
3838,SITTING
3839,SITTING
3840,SITTING
3841,SITTING
3842,SITTING
3843,SITTING
3844,SITTING
3845,SITTING
3846,SITTING
3847,SITTING
3848,SITTING
3849,SITTING
3850,SITTING
3851,SITTING
3852,SITTING
3853,SITTING
3854,SITTING
3855,SITTING
3856,SITTING
3857,SITTING
3858,SITTING
3859,SITTING
3860,SITTING
3861,LAYING
3862,LAYING
3863,LAYING
3864,LAYING
3865,LAYING
3866,LAYING
3867,LAYING
3868,LAYING
3869,LAYING
3870,LAYING
3871,LAYING
3872,LAYING
3873,LAYING
3874,LAYING
3875,LAYING
3876,LAYING
3877,LAYING
3878,LAYING
3879,LAYING
3880,LAYING
3881,LAYING
3882,LAYING
3883,LAYING
3884,LAYING
3885,LAYING
3886,LAYING
3887,LAYING
3888,LAYING
3889,LAYING
3890,LAYING
3891,LAYING
3892,LAYING
3893,LAYING
3894,LAYING
3895,LAYING
3896,LAYING
3897,LAYING
3898,LAYING
3899,LAYING
3900,LAYING
3901,LAYING
3902,LAYING
3903,WALKING
3904,WALKING
3905,WALKING
3906,WALKING
3907,WALKING
3908,WALKING
3909,WALKING
3910,WALKING
3911,WALKING
3912,WALKING
3913,WALKING
3914,WALKING
3915,WALKING
3916,WALKING
3917,WALKING
3918,WALKING
3919,WALKING
3920,WALKING
3921,WALKING
3922,WALKING
3923,WALKING
3924,WALKING
3925,WALKING
3926,WALKING
3927,WALKING
3928,WALKING_DOWNSTAIRS
3929,WALKING_DOWNSTAIRS
3930,WALKING_DOWNSTAIRS
3931,WALKING_DOWNSTAIRS
3932,WALKING_DOWNSTAIRS
3933,WALKING_DOWNSTAIRS
3934,WALKING_DOWNSTAIRS
3935,WALKING_DOWNSTAIRS
3936,WALKING_DOWNSTAIRS
3937,WALKING_DOWNSTAIRS
3938,WALKING_DOWNSTAIRS
3939,WALKING_DOWNSTAIRS
3940,WALKING_UPSTAIRS
3941,WALKING_UPSTAIRS
3942,WALKING_UPSTAIRS
3943,WALKING_UPSTAIRS
3944,WALKING_UPSTAIRS
3945,WALKING_UPSTAIRS
3946,WALKING_UPSTAIRS
3947,WALKING_UPSTAIRS
3948,WALKING_UPSTAIRS
3949,WALKING_UPSTAIRS
3950,WALKING_UPSTAIRS
3951,WALKING_UPSTAIRS
3952,WALKING_UPSTAIRS
3953,WALKING_DOWNSTAIRS
3954,WALKING_DOWNSTAIRS
3955,WALKING_DOWNSTAIRS
3956,WALKING_DOWNSTAIRS
3957,WALKING_DOWNSTAIRS
3958,WALKING_DOWNSTAIRS
3959,WALKING_UPSTAIRS
3960,WALKING_UPSTAIRS
3961,WALKING_UPSTAIRS
3962,WALKING_UPSTAIRS
3963,WALKING_UPSTAIRS
3964,WALKING_UPSTAIRS
3965,STANDING
3966,STANDING
3967,STANDING
3968,STANDING
3969,STANDING
3970,STANDING
3971,STANDING
3972,STANDING
3973,STANDING
3974,STANDING
3975,STANDING
3976,STANDING
3977,STANDING
3978,STANDING
3979,STANDING
3980,STANDING
3981,STANDING
3982,STANDING
3983,STANDING
3984,STANDING
3985,STANDING
3986,STANDING
3987,STANDING
3988,STANDING
3989,STANDING
3990,STANDING
3991,STANDING
3992,STANDING
3993,STANDING
3994,STANDING
3995,STANDING
3996,STANDING
3997,STANDING
3998,STANDING
3999,STANDING
4000,STANDING
4001,STANDING
4002,STANDING
4003,STANDING
4004,STANDING
4005,STANDING
4006,STANDING
4007,STANDING
4008,STANDING
4009,STANDING
4010,SITTING
4011,SITTING
4012,SITTING
4013,SITTING
4014,SITTING
4015,SITTING
4016,SITTING
4017,SITTING
4018,SITTING
4019,SITTING
4020,SITTING
4021,SITTING
4022,SITTING
4023,SITTING
4024,SITTING
4025,SITTING
4026,SITTING
4027,SITTING
4028,SITTING
4029,SITTING
4030,SITTING
4031,SITTING
4032,SITTING
4033,SITTING
4034,SITTING
4035,SITTING
4036,SITTING
4037,SITTING
4038,SITTING
4039,SITTING
4040,SITTING
4041,SITTING
4042,SITTING
4043,SITTING
4044,SITTING
4045,SITTING
4046,SITTING
4047,SITTING
4048,SITTING
4049,SITTING
4050,SITTING
4051,SITTING
4052,SITTING
4053,SITTING
4054,SITTING
4055,SITTING
4056,SITTING
4057,LAYING
4058,LAYING
4059,LAYING
4060,LAYING
4061,LAYING
4062,LAYING
4063,LAYING
4064,LAYING
4065,LAYING
4066,LAYING
4067,LAYING
4068,LAYING
4069,LAYING
4070,LAYING
4071,LAYING
4072,LAYING
4073,LAYING
4074,LAYING
4075,LAYING
4076,LAYING
4077,LAYING
4078,LAYING
4079,LAYING
4080,LAYING
4081,LAYING
4082,LAYING
4083,LAYING
4084,LAYING
4085,LAYING
4086,LAYING
4087,LAYING
4088,LAYING
4089,LAYING
4090,LAYING
4091,LAYING
4092,LAYING
4093,LAYING
4094,LAYING
4095,LAYING
4096,LAYING
4097,LAYING
4098,LAYING
4099,LAYING
4100,LAYING
4101,WALKING
4102,WALKING
4103,WALKING
4104,WALKING
4105,WALKING
4106,WALKING
4107,WALKING
4108,WALKING
4109,WALKING
4110,WALKING
4111,WALKING
4112,WALKING
4113,WALKING
4114,WALKING
4115,WALKING
4116,WALKING
4117,WALKING
4118,WALKING
4119,WALKING
4120,WALKING
4121,WALKING
4122,WALKING
4123,WALKING
4124,WALKING
4125,WALKING
4126,WALKING
4127,WALKING
4128,WALKING_DOWNSTAIRS
4129,WALKING_DOWNSTAIRS
4130,WALKING_DOWNSTAIRS
4131,WALKING_DOWNSTAIRS
4132,WALKING_DOWNSTAIRS
4133,WALKING_DOWNSTAIRS
4134,WALKING_DOWNSTAIRS
4135,WALKING_DOWNSTAIRS
4136,WALKING_DOWNSTAIRS
4137,WALKING_DOWNSTAIRS
4138,WALKING_DOWNSTAIRS
4139,WALKING_DOWNSTAIRS
4140,WALKING_DOWNSTAIRS
4141,WALKING_DOWNSTAIRS
4142,WALKING_DOWNSTAIRS
4143,WALKING_UPSTAIRS
4144,WALKING_UPSTAIRS
4145,WALKING_UPSTAIRS
4146,WALKING_UPSTAIRS
4147,WALKING_UPSTAIRS
4148,WALKING_UPSTAIRS
4149,WALKING_UPSTAIRS
4150,WALKING_UPSTAIRS
4151,WALKING_UPSTAIRS
4152,WALKING_UPSTAIRS
4153,WALKING_UPSTAIRS
4154,WALKING_UPSTAIRS
4155,WALKING_UPSTAIRS
4156,WALKING_UPSTAIRS
4157,WALKING_UPSTAIRS
4158,WALKING_UPSTAIRS
4159,WALKING_UPSTAIRS
4160,WALKING_DOWNSTAIRS
4161,WALKING_DOWNSTAIRS
4162,WALKING_DOWNSTAIRS
4163,WALKING_DOWNSTAIRS
4164,WALKING_DOWNSTAIRS
4165,WALKING_DOWNSTAIRS
4166,WALKING_DOWNSTAIRS
4167,WALKING_DOWNSTAIRS
4168,WALKING_UPSTAIRS
4169,WALKING_UPSTAIRS
4170,WALKING_UPSTAIRS
4171,WALKING_UPSTAIRS
4172,WALKING_UPSTAIRS
4173,WALKING_UPSTAIRS
4174,WALKING_UPSTAIRS
4175,WALKING_UPSTAIRS
4176,STANDING
4177,STANDING
4178,STANDING
4179,STANDING
4180,STANDING
4181,STANDING
4182,STANDING
4183,STANDING
4184,STANDING
4185,STANDING
4186,STANDING
4187,STANDING
4188,STANDING
4189,STANDING
4190,STANDING
4191,STANDING
4192,STANDING
4193,STANDING
4194,STANDING
4195,STANDING
4196,STANDING
4197,STANDING
4198,STANDING
4199,STANDING
4200,STANDING
4201,STANDING
4202,STANDING
4203,STANDING
4204,STANDING
4205,STANDING
4206,STANDING
4207,STANDING
4208,STANDING
4209,STANDING
4210,STANDING
4211,STANDING
4212,STANDING
4213,STANDING
4214,STANDING
4215,STANDING
4216,STANDING
4217,STANDING
4218,STANDING
4219,STANDING
4220,SITTING
4221,SITTING
4222,SITTING
4223,SITTING
4224,SITTING
4225,SITTING
4226,SITTING
4227,SITTING
4228,SITTING
4229,SITTING
4230,SITTING
4231,SITTING
4232,SITTING
4233,SITTING
4234,SITTING
4235,SITTING
4236,SITTING
4237,SITTING
4238,SITTING
4239,SITTING
4240,SITTING
4241,SITTING
4242,SITTING
4243,SITTING
4244,SITTING
4245,SITTING
4246,SITTING
4247,SITTING
4248,SITTING
4249,SITTING
4250,SITTING
4251,SITTING
4252,SITTING
4253,SITTING
4254,SITTING
4255,SITTING
4256,SITTING
4257,SITTING
4258,LAYING
4259,LAYING
4260,LAYING
4261,LAYING
4262,LAYING
4263,LAYING
4264,LAYING
4265,LAYING
4266,LAYING
4267,LAYING
4268,LAYING
4269,LAYING
4270,LAYING
4271,LAYING
4272,LAYING
4273,LAYING
4274,LAYING
4275,LAYING
4276,LAYING
4277,LAYING
4278,LAYING
4279,LAYING
4280,LAYING
4281,LAYING
4282,LAYING
4283,LAYING
4284,LAYING
4285,LAYING
4286,LAYING
4287,LAYING
4288,LAYING
4289,LAYING
4290,LAYING
4291,LAYING
4292,LAYING
4293,LAYING
4294,LAYING
4295,LAYING
4296,LAYING
4297,LAYING
4298,LAYING
4299,LAYING
4300,LAYING
4301,LAYING
4302,LAYING
4303,LAYING
4304,WALKING
4305,WALKING
4306,WALKING
4307,WALKING
4308,WALKING
4309,WALKING
4310,WALKING
4311,WALKING
4312,WALKING
4313,WALKING
4314,WALKING
4315,WALKING
4316,WALKING
4317,WALKING
4318,WALKING
4319,WALKING
4320,WALKING
4321,WALKING
4322,WALKING
4323,WALKING
4324,WALKING
4325,WALKING
4326,WALKING
4327,WALKING
4328,WALKING
4329,WALKING_DOWNSTAIRS
4330,WALKING_DOWNSTAIRS
4331,WALKING_DOWNSTAIRS
4332,WALKING_DOWNSTAIRS
4333,WALKING_DOWNSTAIRS
4334,WALKING_DOWNSTAIRS
4335,WALKING_DOWNSTAIRS
4336,WALKING_DOWNSTAIRS
4337,WALKING_DOWNSTAIRS
4338,WALKING_DOWNSTAIRS
4339,WALKING_DOWNSTAIRS
4340,WALKING_DOWNSTAIRS
4341,WALKING_DOWNSTAIRS
4342,WALKING_DOWNSTAIRS
4343,WALKING_DOWNSTAIRS
4344,WALKING_UPSTAIRS
4345,WALKING_UPSTAIRS
4346,WALKING_UPSTAIRS
4347,WALKING_UPSTAIRS
4348,WALKING_UPSTAIRS
4349,WALKING_UPSTAIRS
4350,WALKING_UPSTAIRS
4351,WALKING_UPSTAIRS
4352,WALKING_UPSTAIRS
4353,WALKING_UPSTAIRS
4354,WALKING_UPSTAIRS
4355,WALKING_UPSTAIRS
4356,WALKING_UPSTAIRS
4357,WALKING_UPSTAIRS
4358,WALKING_UPSTAIRS
4359,WALKING_DOWNSTAIRS
4360,WALKING_DOWNSTAIRS
4361,WALKING_DOWNSTAIRS
4362,WALKING_DOWNSTAIRS
4363,WALKING_DOWNSTAIRS
4364,WALKING_DOWNSTAIRS
4365,WALKING_DOWNSTAIRS
4366,WALKING_UPSTAIRS
4367,WALKING_UPSTAIRS
4368,WALKING_UPSTAIRS
4369,WALKING_UPSTAIRS
4370,WALKING_UPSTAIRS
4371,WALKING_UPSTAIRS
4372,WALKING_UPSTAIRS
4373,STANDING
4374,STANDING
4375,STANDING
4376,STANDING
4377,STANDING
4378,STANDING
4379,STANDING
4380,STANDING
4381,STANDING
4382,STANDING
4383,STANDING
4384,STANDING
4385,STANDING
4386,STANDING
4387,STANDING
4388,STANDING
4389,STANDING
4390,STANDING
4391,STANDING
4392,STANDING
4393,STANDING
4394,STANDING
4395,STANDING
4396,STANDING
4397,STANDING
4398,STANDING
4399,STANDING
4400,STANDING
4401,STANDING
4402,STANDING
4403,SITTING
4404,SITTING
4405,SITTING
4406,SITTING
4407,SITTING
4408,SITTING
4409,SITTING
4410,SITTING
4411,SITTING
4412,SITTING
4413,SITTING
4414,SITTING
4415,SITTING
4416,SITTING
4417,SITTING
4418,SITTING
4419,SITTING
4420,SITTING
4421,SITTING
4422,SITTING
4423,SITTING
4424,SITTING
4425,SITTING
4426,SITTING
4427,SITTING
4428,SITTING
4429,SITTING
4430,SITTING
4431,SITTING
4432,SITTING
4433,SITTING
4434,SITTING
4435,LAYING
4436,LAYING
4437,LAYING
4438,LAYING
4439,LAYING
4440,LAYING
4441,LAYING
4442,LAYING
4443,LAYING
4444,LAYING
4445,LAYING
4446,LAYING
4447,LAYING
4448,LAYING
4449,LAYING
4450,LAYING
4451,LAYING
4452,LAYING
4453,LAYING
4454,LAYING
4455,LAYING
4456,LAYING
4457,LAYING
4458,LAYING
4459,LAYING
4460,LAYING
4461,LAYING
4462,LAYING
4463,LAYING
4464,LAYING
4465,LAYING
4466,LAYING
4467,LAYING
4468,LAYING
4469,LAYING
4470,LAYING
4471,LAYING
4472,WALKING
4473,WALKING
4474,WALKING
4475,WALKING
4476,WALKING
4477,WALKING
4478,WALKING
4479,WALKING
4480,WALKING
4481,WALKING
4482,WALKING
4483,WALKING
4484,WALKING
4485,WALKING
4486,WALKING
4487,WALKING
4488,WALKING
4489,WALKING
4490,WALKING
4491,WALKING
4492,WALKING
4493,WALKING
4494,WALKING
4495,WALKING_DOWNSTAIRS
4496,WALKING_DOWNSTAIRS
4497,WALKING_DOWNSTAIRS
4498,WALKING_DOWNSTAIRS
4499,WALKING_DOWNSTAIRS
4500,WALKING_DOWNSTAIRS
4501,WALKING_DOWNSTAIRS
4502,WALKING_DOWNSTAIRS
4503,WALKING_DOWNSTAIRS
4504,WALKING_DOWNSTAIRS
4505,WALKING_DOWNSTAIRS
4506,WALKING_DOWNSTAIRS
4507,WALKING_UPSTAIRS
4508,WALKING_UPSTAIRS
4509,WALKING_UPSTAIRS
4510,WALKING_UPSTAIRS
4511,WALKING_UPSTAIRS
4512,WALKING_UPSTAIRS
4513,WALKING_UPSTAIRS
4514,WALKING_UPSTAIRS
4515,WALKING_UPSTAIRS
4516,WALKING_UPSTAIRS
4517,WALKING_UPSTAIRS
4518,WALKING_UPSTAIRS
4519,WALKING_UPSTAIRS
4520,WALKING_UPSTAIRS
4521,WALKING_DOWNSTAIRS
4522,WALKING_DOWNSTAIRS
4523,WALKING_DOWNSTAIRS
4524,WALKING_DOWNSTAIRS
4525,WALKING_DOWNSTAIRS
4526,WALKING_DOWNSTAIRS
4527,WALKING_UPSTAIRS
4528,WALKING_UPSTAIRS
4529,WALKING_UPSTAIRS
4530,WALKING_UPSTAIRS
4531,WALKING_UPSTAIRS
4532,WALKING_UPSTAIRS
4533,WALKING_UPSTAIRS
4534,STANDING
4535,STANDING
4536,STANDING
4537,STANDING
4538,STANDING
4539,STANDING
4540,STANDING
4541,STANDING
4542,STANDING
4543,STANDING
4544,STANDING
4545,STANDING
4546,STANDING
4547,STANDING
4548,STANDING
4549,STANDING
4550,STANDING
4551,STANDING
4552,STANDING
4553,STANDING
4554,STANDING
4555,STANDING
4556,STANDING
4557,STANDING
4558,STANDING
4559,STANDING
4560,STANDING
4561,STANDING
4562,STANDING
4563,STANDING
4564,STANDING
4565,STANDING
4566,STANDING
4567,SITTING
4568,SITTING
4569,SITTING
4570,SITTING
4571,SITTING
4572,SITTING
4573,SITTING
4574,SITTING
4575,SITTING
4576,SITTING
4577,SITTING
4578,SITTING
4579,SITTING
4580,SITTING
4581,SITTING
4582,SITTING
4583,SITTING
4584,SITTING
4585,SITTING
4586,SITTING
4587,SITTING
4588,SITTING
4589,SITTING
4590,SITTING
4591,SITTING
4592,SITTING
4593,SITTING
4594,SITTING
4595,SITTING
4596,SITTING
4597,LAYING
4598,LAYING
4599,LAYING
4600,LAYING
4601,LAYING
4602,LAYING
4603,LAYING
4604,LAYING
4605,LAYING
4606,LAYING
4607,LAYING
4608,LAYING
4609,LAYING
4610,LAYING
4611,LAYING
4612,LAYING
4613,LAYING
4614,LAYING
4615,LAYING
4616,LAYING
4617,LAYING
4618,LAYING
4619,LAYING
4620,LAYING
4621,LAYING
4622,LAYING
4623,LAYING
4624,LAYING
4625,LAYING
4626,LAYING
4627,LAYING
4628,LAYING
4629,LAYING
4630,LAYING
4631,LAYING
4632,WALKING
4633,WALKING
4634,WALKING
4635,WALKING
4636,WALKING
4637,WALKING
4638,WALKING
4639,WALKING
4640,WALKING
4641,WALKING
4642,WALKING
4643,WALKING
4644,WALKING
4645,WALKING
4646,WALKING
4647,WALKING
4648,WALKING
4649,WALKING
4650,WALKING
4651,WALKING
4652,WALKING
4653,WALKING
4654,WALKING
4655,WALKING_DOWNSTAIRS
4656,WALKING_DOWNSTAIRS
4657,WALKING_DOWNSTAIRS
4658,WALKING_DOWNSTAIRS
4659,WALKING_DOWNSTAIRS
4660,WALKING_DOWNSTAIRS
4661,WALKING_DOWNSTAIRS
4662,WALKING_DOWNSTAIRS
4663,WALKING_DOWNSTAIRS
4664,WALKING_DOWNSTAIRS
4665,WALKING_DOWNSTAIRS
4666,WALKING_DOWNSTAIRS
4667,WALKING_DOWNSTAIRS
4668,WALKING_DOWNSTAIRS
4669,WALKING_DOWNSTAIRS
4670,WALKING_DOWNSTAIRS
4671,WALKING_DOWNSTAIRS
4672,WALKING_DOWNSTAIRS
4673,WALKING_UPSTAIRS
4674,WALKING_UPSTAIRS
4675,WALKING_UPSTAIRS
4676,WALKING_UPSTAIRS
4677,WALKING_UPSTAIRS
4678,WALKING_UPSTAIRS
4679,WALKING_UPSTAIRS
4680,WALKING_UPSTAIRS
4681,WALKING_UPSTAIRS
4682,WALKING_UPSTAIRS
4683,WALKING_UPSTAIRS
4684,WALKING_UPSTAIRS
4685,WALKING_UPSTAIRS
4686,WALKING_UPSTAIRS
4687,WALKING_UPSTAIRS
4688,WALKING_UPSTAIRS
4689,WALKING_UPSTAIRS
4690,WALKING_UPSTAIRS
4691,WALKING_UPSTAIRS
4692,WALKING_UPSTAIRS
4693,WALKING_UPSTAIRS
4694,STANDING
4695,STANDING
4696,STANDING
4697,STANDING
4698,STANDING
4699,STANDING
4700,STANDING
4701,STANDING
4702,STANDING
4703,STANDING
4704,STANDING
4705,STANDING
4706,STANDING
4707,STANDING
4708,STANDING
4709,STANDING
4710,STANDING
4711,STANDING
4712,STANDING
4713,STANDING
4714,STANDING
4715,STANDING
4716,STANDING
4717,STANDING
4718,STANDING
4719,STANDING
4720,STANDING
4721,STANDING
4722,STANDING
4723,STANDING
4724,STANDING
4725,STANDING
4726,STANDING
4727,SITTING
4728,SITTING
4729,SITTING
4730,SITTING
4731,SITTING
4732,SITTING
4733,SITTING
4734,SITTING
4735,SITTING
4736,SITTING
4737,SITTING
4738,SITTING
4739,SITTING
4740,SITTING
4741,SITTING
4742,SITTING
4743,SITTING
4744,SITTING
4745,SITTING
4746,SITTING
4747,SITTING
4748,SITTING
4749,SITTING
4750,SITTING
4751,SITTING
4752,SITTING
4753,SITTING
4754,SITTING
4755,SITTING
4756,SITTING
4757,SITTING
4758,SITTING
4759,SITTING
4760,SITTING
4761,SITTING
4762,SITTING
4763,SITTING
4764,SITTING
4765,LAYING
4766,LAYING
4767,LAYING
4768,LAYING
4769,LAYING
4770,LAYING
4771,LAYING
4772,LAYING
4773,LAYING
4774,LAYING
4775,LAYING
4776,LAYING
4777,LAYING
4778,LAYING
4779,LAYING
4780,LAYING
4781,LAYING
4782,LAYING
4783,LAYING
4784,LAYING
4785,LAYING
4786,LAYING
4787,LAYING
4788,LAYING
4789,LAYING
4790,LAYING
4791,LAYING
4792,LAYING
4793,LAYING
4794,LAYING
4795,LAYING
4796,LAYING
4797,LAYING
4798,WALKING
4799,WALKING
4800,WALKING
4801,WALKING
4802,WALKING
4803,WALKING
4804,WALKING
4805,WALKING
4806,WALKING
4807,WALKING
4808,WALKING
4809,WALKING
4810,WALKING
4811,WALKING
4812,WALKING
4813,WALKING
4814,WALKING
4815,WALKING
4816,WALKING
4817,WALKING
4818,WALKING
4819,WALKING
4820,WALKING
4821,WALKING
4822,WALKING
4823,WALKING
4824,WALKING
4825,WALKING
4826,WALKING
4827,WALKING
4828,WALKING_DOWNSTAIRS
4829,WALKING_DOWNSTAIRS
4830,WALKING_DOWNSTAIRS
4831,WALKING_DOWNSTAIRS
4832,WALKING_DOWNSTAIRS
4833,WALKING_DOWNSTAIRS
4834,WALKING_DOWNSTAIRS
4835,WALKING_DOWNSTAIRS
4836,WALKING_DOWNSTAIRS
4837,WALKING_UPSTAIRS
4838,WALKING_UPSTAIRS
4839,WALKING_UPSTAIRS
4840,WALKING_UPSTAIRS
4841,WALKING_UPSTAIRS
4842,WALKING_UPSTAIRS
4843,WALKING_UPSTAIRS
4844,WALKING_UPSTAIRS
4845,WALKING_UPSTAIRS
4846,WALKING_DOWNSTAIRS
4847,WALKING_DOWNSTAIRS
4848,WALKING_DOWNSTAIRS
4849,WALKING_DOWNSTAIRS
4850,WALKING_DOWNSTAIRS
4851,WALKING_DOWNSTAIRS
4852,WALKING_DOWNSTAIRS
4853,WALKING_DOWNSTAIRS
4854,WALKING_DOWNSTAIRS
4855,WALKING_UPSTAIRS
4856,WALKING_UPSTAIRS
4857,WALKING_UPSTAIRS
4858,WALKING_UPSTAIRS
4859,WALKING_UPSTAIRS
4860,WALKING_UPSTAIRS
4861,WALKING_UPSTAIRS
4862,WALKING_UPSTAIRS
4863,WALKING_DOWNSTAIRS
4864,WALKING_DOWNSTAIRS
4865,WALKING_DOWNSTAIRS
4866,WALKING_DOWNSTAIRS
4867,WALKING_DOWNSTAIRS
4868,WALKING_DOWNSTAIRS
4869,WALKING_DOWNSTAIRS
4870,WALKING_DOWNSTAIRS
4871,WALKING_DOWNSTAIRS
4872,WALKING_UPSTAIRS
4873,WALKING_UPSTAIRS
4874,WALKING_UPSTAIRS
4875,WALKING_UPSTAIRS
4876,WALKING_UPSTAIRS
4877,WALKING_UPSTAIRS
4878,WALKING_UPSTAIRS
4879,WALKING_UPSTAIRS
4880,STANDING
4881,STANDING
4882,STANDING
4883,STANDING
4884,STANDING
4885,STANDING
4886,STANDING
4887,STANDING
4888,STANDING
4889,STANDING
4890,STANDING
4891,STANDING
4892,STANDING
4893,STANDING
4894,STANDING
4895,STANDING
4896,STANDING
4897,STANDING
4898,STANDING
4899,STANDING
4900,STANDING
4901,STANDING
4902,STANDING
4903,STANDING
4904,STANDING
4905,STANDING
4906,STANDING
4907,STANDING
4908,STANDING
4909,STANDING
4910,STANDING
4911,STANDING
4912,STANDING
4913,STANDING
4914,STANDING
4915,SITTING
4916,SITTING
4917,SITTING
4918,SITTING
4919,SITTING
4920,SITTING
4921,SITTING
4922,SITTING
4923,SITTING
4924,SITTING
4925,SITTING
4926,SITTING
4927,SITTING
4928,SITTING
4929,SITTING
4930,SITTING
4931,SITTING
4932,SITTING
4933,SITTING
4934,SITTING
4935,SITTING
4936,SITTING
4937,SITTING
4938,SITTING
4939,SITTING
4940,SITTING
4941,SITTING
4942,SITTING
4943,SITTING
4944,SITTING
4945,LAYING
4946,LAYING
4947,LAYING
4948,LAYING
4949,LAYING
4950,LAYING
4951,LAYING
4952,LAYING
4953,LAYING
4954,LAYING
4955,LAYING
4956,LAYING
4957,LAYING
4958,LAYING
4959,LAYING
4960,LAYING
4961,LAYING
4962,LAYING
4963,LAYING
4964,LAYING
4965,LAYING
4966,LAYING
4967,LAYING
4968,LAYING
4969,LAYING
4970,LAYING
4971,LAYING
4972,LAYING
4973,LAYING
4974,LAYING
4975,LAYING
4976,LAYING
4977,LAYING
4978,LAYING
4979,LAYING
4980,LAYING
4981,LAYING
4982,LAYING
4983,LAYING
4984,WALKING
4985,WALKING
4986,WALKING
4987,WALKING
4988,WALKING
4989,WALKING
4990,WALKING
4991,WALKING
4992,WALKING
4993,WALKING
4994,WALKING
4995,WALKING
4996,WALKING
4997,WALKING
4998,WALKING
4999,WALKING
5000,WALKING
5001,WALKING
5002,WALKING
5003,WALKING
5004,WALKING
5005,WALKING
5006,WALKING
5007,WALKING
5008,WALKING
5009,WALKING
5010,WALKING
5011,WALKING
5012,WALKING
5013,WALKING_DOWNSTAIRS
5014,WALKING_DOWNSTAIRS
5015,WALKING_DOWNSTAIRS
5016,WALKING_DOWNSTAIRS
5017,WALKING_DOWNSTAIRS
5018,WALKING_DOWNSTAIRS
5019,WALKING_DOWNSTAIRS
5020,WALKING_DOWNSTAIRS
5021,WALKING_DOWNSTAIRS
5022,WALKING_DOWNSTAIRS
5023,WALKING_DOWNSTAIRS
5024,WALKING_DOWNSTAIRS
5025,WALKING_DOWNSTAIRS
5026,WALKING_DOWNSTAIRS
5027,WALKING_DOWNSTAIRS
5028,WALKING_DOWNSTAIRS
5029,WALKING_DOWNSTAIRS
5030,WALKING_DOWNSTAIRS
5031,WALKING_DOWNSTAIRS
5032,WALKING_DOWNSTAIRS
5033,WALKING_DOWNSTAIRS
5034,WALKING_DOWNSTAIRS
5035,WALKING_DOWNSTAIRS
5036,WALKING_DOWNSTAIRS
5037,WALKING_DOWNSTAIRS
5038,WALKING_DOWNSTAIRS
5039,WALKING_DOWNSTAIRS
5040,WALKING_UPSTAIRS
5041,WALKING_UPSTAIRS
5042,WALKING_UPSTAIRS
5043,WALKING_UPSTAIRS
5044,WALKING_UPSTAIRS
5045,WALKING_UPSTAIRS
5046,WALKING_UPSTAIRS
5047,WALKING_UPSTAIRS
5048,WALKING_UPSTAIRS
5049,WALKING_UPSTAIRS
5050,WALKING_UPSTAIRS
5051,WALKING_UPSTAIRS
5052,WALKING_UPSTAIRS
5053,WALKING_UPSTAIRS
5054,WALKING_UPSTAIRS
5055,WALKING_UPSTAIRS
5056,WALKING_UPSTAIRS
5057,WALKING_UPSTAIRS
5058,WALKING_UPSTAIRS
5059,WALKING_UPSTAIRS
5060,WALKING_UPSTAIRS
5061,WALKING_UPSTAIRS
5062,WALKING_UPSTAIRS
5063,WALKING_UPSTAIRS
5064,WALKING_UPSTAIRS
5065,WALKING_UPSTAIRS
5066,STANDING
5067,STANDING
5068,STANDING
5069,STANDING
5070,STANDING
5071,STANDING
5072,STANDING
5073,STANDING
5074,STANDING
5075,STANDING
5076,STANDING
5077,STANDING
5078,STANDING
5079,STANDING
5080,STANDING
5081,STANDING
5082,STANDING
5083,STANDING
5084,STANDING
5085,STANDING
5086,STANDING
5087,STANDING
5088,STANDING
5089,STANDING
5090,STANDING
5091,STANDING
5092,STANDING
5093,STANDING
5094,STANDING
5095,STANDING
5096,STANDING
5097,STANDING
5098,STANDING
5099,STANDING
5100,STANDING
5101,STANDING
5102,STANDING
5103,SITTING
5104,SITTING
5105,SITTING
5106,SITTING
5107,SITTING
5108,SITTING
5109,SITTING
5110,SITTING
5111,SITTING
5112,SITTING
5113,SITTING
5114,SITTING
5115,SITTING
5116,SITTING
5117,SITTING
5118,SITTING
5119,SITTING
5120,SITTING
5121,SITTING
5122,SITTING
5123,SITTING
5124,SITTING
5125,SITTING
5126,SITTING
5127,SITTING
5128,SITTING
5129,SITTING
5130,SITTING
5131,SITTING
5132,SITTING
5133,SITTING
5134,SITTING
5135,SITTING
5136,SITTING
5137,LAYING
5138,LAYING
5139,LAYING
5140,LAYING
5141,LAYING
5142,LAYING
5143,LAYING
5144,LAYING
5145,LAYING
5146,LAYING
5147,LAYING
5148,LAYING
5149,LAYING
5150,LAYING
5151,LAYING
5152,LAYING
5153,LAYING
5154,LAYING
5155,LAYING
5156,LAYING
5157,LAYING
5158,LAYING
5159,LAYING
5160,LAYING
5161,LAYING
5162,LAYING
5163,LAYING
5164,LAYING
5165,LAYING
5166,LAYING
5167,LAYING
5168,LAYING
5169,LAYING
5170,WALKING
5171,WALKING
5172,WALKING
5173,WALKING
5174,WALKING
5175,WALKING
5176,WALKING
5177,WALKING
5178,WALKING
5179,WALKING
5180,WALKING
5181,WALKING
5182,WALKING
5183,WALKING
5184,WALKING
5185,WALKING
5186,WALKING
5187,WALKING
5188,WALKING
5189,WALKING
5190,WALKING
5191,WALKING
5192,WALKING
5193,WALKING
5194,WALKING
5195,WALKING
5196,WALKING
5197,WALKING
5198,WALKING
5199,WALKING
5200,WALKING
5201,WALKING
5202,WALKING
5203,WALKING
5204,WALKING
5205,WALKING
5206,WALKING_DOWNSTAIRS
5207,WALKING_DOWNSTAIRS
5208,WALKING_DOWNSTAIRS
5209,WALKING_DOWNSTAIRS
5210,WALKING_DOWNSTAIRS
5211,WALKING_DOWNSTAIRS
5212,WALKING_DOWNSTAIRS
5213,WALKING_DOWNSTAIRS
5214,WALKING_DOWNSTAIRS
5215,WALKING_DOWNSTAIRS
5216,WALKING_DOWNSTAIRS
5217,WALKING_DOWNSTAIRS
5218,WALKING_DOWNSTAIRS
5219,WALKING_DOWNSTAIRS
5220,WALKING_DOWNSTAIRS
5221,WALKING_DOWNSTAIRS
5222,WALKING_DOWNSTAIRS
5223,WALKING_DOWNSTAIRS
5224,WALKING_DOWNSTAIRS
5225,WALKING_DOWNSTAIRS
5226,WALKING_DOWNSTAIRS
5227,WALKING_DOWNSTAIRS
5228,WALKING_DOWNSTAIRS
5229,WALKING_DOWNSTAIRS
5230,WALKING_DOWNSTAIRS
5231,WALKING_DOWNSTAIRS
5232,WALKING_DOWNSTAIRS
5233,WALKING_DOWNSTAIRS
5234,WALKING_DOWNSTAIRS
5235,WALKING_DOWNSTAIRS
5236,WALKING_UPSTAIRS
5237,WALKING_UPSTAIRS
5238,WALKING_UPSTAIRS
5239,WALKING_UPSTAIRS
5240,WALKING_UPSTAIRS
5241,WALKING_UPSTAIRS
5242,WALKING_UPSTAIRS
5243,WALKING_UPSTAIRS
5244,WALKING_UPSTAIRS
5245,WALKING_UPSTAIRS
5246,WALKING_UPSTAIRS
5247,WALKING_UPSTAIRS
5248,WALKING_UPSTAIRS
5249,WALKING_UPSTAIRS
5250,WALKING_UPSTAIRS
5251,WALKING_UPSTAIRS
5252,WALKING_UPSTAIRS
5253,WALKING_UPSTAIRS
5254,WALKING_UPSTAIRS
5255,WALKING_UPSTAIRS
5256,WALKING_UPSTAIRS
5257,WALKING_UPSTAIRS
5258,WALKING_UPSTAIRS
5259,WALKING_UPSTAIRS
5260,WALKING_UPSTAIRS
5261,WALKING_UPSTAIRS
5262,WALKING_UPSTAIRS
5263,WALKING_UPSTAIRS
5264,WALKING_UPSTAIRS
5265,WALKING_UPSTAIRS
5266,WALKING_UPSTAIRS
5267,WALKING_UPSTAIRS
5268,WALKING_UPSTAIRS
5269,WALKING_UPSTAIRS
5270,WALKING_UPSTAIRS
5271,STANDING
5272,STANDING
5273,STANDING
5274,STANDING
5275,STANDING
5276,STANDING
5277,STANDING
5278,STANDING
5279,STANDING
5280,STANDING
5281,STANDING
5282,STANDING
5283,STANDING
5284,STANDING
5285,STANDING
5286,STANDING
5287,STANDING
5288,STANDING
5289,STANDING
5290,STANDING
5291,STANDING
5292,STANDING
5293,STANDING
5294,STANDING
5295,STANDING
5296,STANDING
5297,STANDING
5298,STANDING
5299,STANDING
5300,STANDING
5301,STANDING
5302,STANDING
5303,STANDING
5304,STANDING
5305,STANDING
5306,STANDING
5307,STANDING
5308,SITTING
5309,SITTING
5310,SITTING
5311,SITTING
5312,SITTING
5313,SITTING
5314,SITTING
5315,SITTING
5316,SITTING
5317,SITTING
5318,SITTING
5319,SITTING
5320,SITTING
5321,SITTING
5322,SITTING
5323,SITTING
5324,SITTING
5325,SITTING
5326,SITTING
5327,SITTING
5328,SITTING
5329,SITTING
5330,SITTING
5331,SITTING
5332,SITTING
5333,SITTING
5334,SITTING
5335,SITTING
5336,SITTING
5337,SITTING
5338,SITTING
5339,LAYING
5340,LAYING
5341,LAYING
5342,LAYING
5343,LAYING
5344,LAYING
5345,LAYING
5346,LAYING
5347,LAYING
5348,LAYING
5349,LAYING
5350,LAYING
5351,LAYING
5352,LAYING
5353,LAYING
5354,LAYING
5355,LAYING
5356,LAYING
5357,LAYING
5358,LAYING
5359,LAYING
5360,LAYING
5361,LAYING
5362,LAYING
5363,LAYING
5364,LAYING
5365,LAYING
5366,LAYING
5367,LAYING
5368,LAYING
5369,LAYING
5370,LAYING
5371,LAYING
5372,LAYING
5373,LAYING
5374,LAYING
5375,LAYING
5376,LAYING
5377,LAYING
5378,LAYING
5379,WALKING
5380,WALKING
5381,WALKING
5382,WALKING
5383,WALKING
5384,WALKING
5385,WALKING
5386,WALKING
5387,WALKING
5388,WALKING
5389,WALKING
5390,WALKING
5391,WALKING
5392,WALKING
5393,WALKING
5394,WALKING
5395,WALKING
5396,WALKING
5397,WALKING
5398,WALKING
5399,WALKING
5400,WALKING
5401,WALKING
5402,WALKING
5403,WALKING
5404,WALKING
5405,WALKING
5406,WALKING
5407,WALKING
5408,WALKING
5409,WALKING
5410,WALKING
5411,WALKING
5412,WALKING
5413,WALKING
5414,WALKING
5415,WALKING
5416,WALKING
5417,WALKING_DOWNSTAIRS
5418,WALKING_DOWNSTAIRS
5419,WALKING_DOWNSTAIRS
5420,WALKING_DOWNSTAIRS
5421,WALKING_DOWNSTAIRS
5422,WALKING_DOWNSTAIRS
5423,WALKING_DOWNSTAIRS
5424,WALKING_DOWNSTAIRS
5425,WALKING_DOWNSTAIRS
5426,WALKING_DOWNSTAIRS
5427,WALKING_DOWNSTAIRS
5428,WALKING_DOWNSTAIRS
5429,WALKING_DOWNSTAIRS
5430,WALKING_DOWNSTAIRS
5431,WALKING_DOWNSTAIRS
5432,WALKING_DOWNSTAIRS
5433,WALKING_DOWNSTAIRS
5434,WALKING_DOWNSTAIRS
5435,WALKING_DOWNSTAIRS
5436,WALKING_DOWNSTAIRS
5437,WALKING_DOWNSTAIRS
5438,WALKING_DOWNSTAIRS
5439,WALKING_DOWNSTAIRS
5440,WALKING_DOWNSTAIRS
5441,WALKING_DOWNSTAIRS
5442,WALKING_DOWNSTAIRS
5443,WALKING_DOWNSTAIRS
5444,WALKING_DOWNSTAIRS
5445,WALKING_UPSTAIRS
5446,WALKING_UPSTAIRS
5447,WALKING_UPSTAIRS
5448,WALKING_UPSTAIRS
5449,WALKING_UPSTAIRS
5450,WALKING_UPSTAIRS
5451,WALKING_UPSTAIRS
5452,WALKING_UPSTAIRS
5453,WALKING_UPSTAIRS
5454,WALKING_UPSTAIRS
5455,WALKING_UPSTAIRS
5456,WALKING_UPSTAIRS
5457,WALKING_UPSTAIRS
5458,WALKING_UPSTAIRS
5459,WALKING_UPSTAIRS
5460,WALKING_UPSTAIRS
5461,WALKING_UPSTAIRS
5462,WALKING_UPSTAIRS
5463,WALKING_UPSTAIRS
5464,WALKING_UPSTAIRS
5465,WALKING_UPSTAIRS
5466,WALKING_UPSTAIRS
5467,WALKING_UPSTAIRS
5468,WALKING_UPSTAIRS
5469,WALKING_UPSTAIRS
5470,WALKING_UPSTAIRS
5471,WALKING_UPSTAIRS
5472,WALKING_UPSTAIRS
5473,WALKING_UPSTAIRS
5474,WALKING_UPSTAIRS
5475,STANDING
5476,STANDING
5477,STANDING
5478,STANDING
5479,STANDING
5480,STANDING
5481,STANDING
5482,STANDING
5483,STANDING
5484,STANDING
5485,STANDING
5486,STANDING
5487,STANDING
5488,STANDING
5489,STANDING
5490,STANDING
5491,STANDING
5492,STANDING
5493,STANDING
5494,STANDING
5495,STANDING
5496,STANDING
5497,STANDING
5498,STANDING
5499,STANDING
5500,STANDING
5501,STANDING
5502,STANDING
5503,STANDING
5504,STANDING
5505,STANDING
5506,STANDING
5507,STANDING
5508,STANDING
5509,STANDING
5510,STANDING
5511,STANDING
5512,STANDING
5513,SITTING
5514,SITTING
5515,SITTING
5516,SITTING
5517,SITTING
5518,SITTING
5519,SITTING
5520,SITTING
5521,SITTING
5522,SITTING
5523,SITTING
5524,SITTING
5525,SITTING
5526,SITTING
5527,SITTING
5528,SITTING
5529,SITTING
5530,SITTING
5531,SITTING
5532,SITTING
5533,SITTING
5534,SITTING
5535,SITTING
5536,SITTING
5537,SITTING
5538,SITTING
5539,SITTING
5540,SITTING
5541,SITTING
5542,SITTING
5543,SITTING
5544,SITTING
5545,SITTING
5546,SITTING
5547,SITTING
5548,SITTING
5549,SITTING
5550,SITTING
5551,SITTING
5552,SITTING
5553,SITTING
5554,SITTING
5555,SITTING
5556,SITTING
5557,LAYING
5558,LAYING
5559,LAYING
5560,LAYING
5561,LAYING
5562,LAYING
5563,LAYING
5564,LAYING
5565,LAYING
5566,LAYING
5567,LAYING
5568,LAYING
5569,LAYING
5570,LAYING
5571,LAYING
5572,LAYING
5573,LAYING
5574,LAYING
5575,LAYING
5576,LAYING
5577,LAYING
5578,LAYING
5579,LAYING
5580,LAYING
5581,LAYING
5582,LAYING
5583,LAYING
5584,LAYING
5585,LAYING
5586,LAYING
5587,LAYING
5588,LAYING
5589,LAYING
5590,LAYING
5591,WALKING
5592,WALKING
5593,WALKING
5594,WALKING
5595,WALKING
5596,WALKING
5597,WALKING
5598,WALKING
5599,WALKING
5600,WALKING
5601,WALKING
5602,WALKING
5603,WALKING
5604,WALKING
5605,WALKING
5606,WALKING
5607,WALKING
5608,WALKING
5609,WALKING
5610,WALKING
5611,WALKING
5612,WALKING
5613,WALKING
5614,WALKING
5615,WALKING
5616,WALKING
5617,WALKING
5618,WALKING
5619,WALKING_DOWNSTAIRS
5620,WALKING_DOWNSTAIRS
5621,WALKING_DOWNSTAIRS
5622,WALKING_DOWNSTAIRS
5623,WALKING_DOWNSTAIRS
5624,WALKING_DOWNSTAIRS
5625,WALKING_DOWNSTAIRS
5626,WALKING_DOWNSTAIRS
5627,WALKING_DOWNSTAIRS
5628,WALKING_DOWNSTAIRS
5629,WALKING_DOWNSTAIRS
5630,WALKING_DOWNSTAIRS
5631,WALKING_DOWNSTAIRS
5632,WALKING_DOWNSTAIRS
5633,WALKING_DOWNSTAIRS
5634,WALKING_DOWNSTAIRS
5635,WALKING_DOWNSTAIRS
5636,WALKING_DOWNSTAIRS
5637,WALKING_DOWNSTAIRS
5638,WALKING_DOWNSTAIRS
5639,WALKING_DOWNSTAIRS
5640,WALKING_DOWNSTAIRS
5641,WALKING_DOWNSTAIRS
5642,WALKING_DOWNSTAIRS
5643,WALKING_DOWNSTAIRS
5644,WALKING_UPSTAIRS
5645,WALKING_UPSTAIRS
5646,WALKING_UPSTAIRS
5647,WALKING_UPSTAIRS
5648,WALKING_UPSTAIRS
5649,WALKING_UPSTAIRS
5650,WALKING_UPSTAIRS
5651,WALKING_UPSTAIRS
5652,WALKING_UPSTAIRS
5653,WALKING_UPSTAIRS
5654,WALKING_UPSTAIRS
5655,WALKING_UPSTAIRS
5656,WALKING_UPSTAIRS
5657,WALKING_UPSTAIRS
5658,WALKING_UPSTAIRS
5659,WALKING_UPSTAIRS
5660,WALKING_UPSTAIRS
5661,WALKING_UPSTAIRS
5662,WALKING_UPSTAIRS
5663,WALKING_UPSTAIRS
5664,WALKING_UPSTAIRS
5665,WALKING_UPSTAIRS
5666,WALKING_UPSTAIRS
5667,WALKING_UPSTAIRS
5668,WALKING_UPSTAIRS
5669,WALKING_UPSTAIRS
5670,WALKING_UPSTAIRS
5671,WALKING_UPSTAIRS
5672,STANDING
5673,STANDING
5674,STANDING
5675,STANDING
5676,STANDING
5677,STANDING
5678,STANDING
5679,STANDING
5680,STANDING
5681,STANDING
5682,STANDING
5683,STANDING
5684,STANDING
5685,STANDING
5686,STANDING
5687,STANDING
5688,STANDING
5689,STANDING
5690,STANDING
5691,STANDING
5692,STANDING
5693,STANDING
5694,STANDING
5695,STANDING
5696,STANDING
5697,STANDING
5698,STANDING
5699,STANDING
5700,STANDING
5701,STANDING
5702,STANDING
5703,STANDING
5704,STANDING
5705,STANDING
5706,STANDING
5707,STANDING
5708,SITTING
5709,SITTING
5710,SITTING
5711,SITTING
5712,SITTING
5713,SITTING
5714,SITTING
5715,SITTING
5716,SITTING
5717,SITTING
5718,SITTING
5719,SITTING
5720,SITTING
5721,SITTING
5722,SITTING
5723,SITTING
5724,SITTING
5725,SITTING
5726,SITTING
5727,SITTING
5728,SITTING
5729,SITTING
5730,SITTING
5731,SITTING
5732,SITTING
5733,SITTING
5734,SITTING
5735,SITTING
5736,SITTING
5737,SITTING
5738,SITTING
5739,SITTING
5740,SITTING
5741,SITTING
5742,LAYING
5743,LAYING
5744,LAYING
5745,LAYING
5746,LAYING
5747,LAYING
5748,LAYING
5749,LAYING
5750,LAYING
5751,LAYING
5752,LAYING
5753,LAYING
5754,LAYING
5755,LAYING
5756,LAYING
5757,LAYING
5758,LAYING
5759,LAYING
5760,LAYING
5761,LAYING
5762,LAYING
5763,LAYING
5764,LAYING
5765,LAYING
5766,LAYING
5767,LAYING
5768,LAYING
5769,LAYING
5770,LAYING
5771,LAYING
5772,LAYING
5773,LAYING
5774,LAYING
5775,LAYING
5776,LAYING
5777,LAYING
5778,LAYING
5779,LAYING
5780,LAYING
5781,LAYING
5782,LAYING
5783,LAYING
5784,WALKING
5785,WALKING
5786,WALKING
5787,WALKING
5788,WALKING
5789,WALKING
5790,WALKING
5791,WALKING
5792,WALKING
5793,WALKING
5794,WALKING
5795,WALKING
5796,WALKING
5797,WALKING
5798,WALKING
5799,WALKING
5800,WALKING
5801,WALKING
5802,WALKING
5803,WALKING
5804,WALKING
5805,WALKING
5806,WALKING
5807,WALKING
5808,WALKING
5809,WALKING
5810,WALKING
5811,WALKING
5812,WALKING
5813,WALKING
5814,WALKING
5815,WALKING_DOWNSTAIRS
5816,WALKING_DOWNSTAIRS
5817,WALKING_DOWNSTAIRS
5818,WALKING_DOWNSTAIRS
5819,WALKING_DOWNSTAIRS
5820,WALKING_DOWNSTAIRS
5821,WALKING_DOWNSTAIRS
5822,WALKING_DOWNSTAIRS
5823,WALKING_DOWNSTAIRS
5824,WALKING_DOWNSTAIRS
5825,WALKING_DOWNSTAIRS
5826,WALKING_DOWNSTAIRS
5827,WALKING_DOWNSTAIRS
5828,WALKING_DOWNSTAIRS
5829,WALKING_DOWNSTAIRS
5830,WALKING_DOWNSTAIRS
5831,WALKING_DOWNSTAIRS
5832,WALKING_UPSTAIRS
5833,WALKING_UPSTAIRS
5834,WALKING_UPSTAIRS
5835,WALKING_UPSTAIRS
5836,WALKING_UPSTAIRS
5837,WALKING_UPSTAIRS
5838,WALKING_UPSTAIRS
5839,WALKING_UPSTAIRS
5840,WALKING_UPSTAIRS
5841,WALKING_UPSTAIRS
5842,WALKING_UPSTAIRS
5843,WALKING_UPSTAIRS
5844,WALKING_UPSTAIRS
5845,WALKING_UPSTAIRS
5846,WALKING_UPSTAIRS
5847,WALKING_UPSTAIRS
5848,WALKING_UPSTAIRS
5849,WALKING_UPSTAIRS
5850,WALKING_DOWNSTAIRS
5851,WALKING_DOWNSTAIRS
5852,WALKING_DOWNSTAIRS
5853,WALKING_DOWNSTAIRS
5854,WALKING_DOWNSTAIRS
5855,WALKING_DOWNSTAIRS
5856,WALKING_DOWNSTAIRS
5857,WALKING_DOWNSTAIRS
5858,WALKING_UPSTAIRS
5859,WALKING_UPSTAIRS
5860,WALKING_UPSTAIRS
5861,WALKING_UPSTAIRS
5862,WALKING_UPSTAIRS
5863,WALKING_UPSTAIRS
5864,WALKING_UPSTAIRS
5865,WALKING_UPSTAIRS
5866,WALKING_UPSTAIRS
5867,STANDING
5868,STANDING
5869,STANDING
5870,STANDING
5871,STANDING
5872,STANDING
5873,STANDING
5874,STANDING
5875,STANDING
5876,STANDING
5877,STANDING
5878,STANDING
5879,STANDING
5880,STANDING
5881,STANDING
5882,STANDING
5883,STANDING
5884,STANDING
5885,STANDING
5886,STANDING
5887,STANDING
5888,STANDING
5889,STANDING
5890,STANDING
5891,STANDING
5892,STANDING
5893,STANDING
5894,STANDING
5895,STANDING
5896,STANDING
5897,STANDING
5898,STANDING
5899,STANDING
5900,STANDING
5901,STANDING
5902,STANDING
5903,SITTING
5904,SITTING
5905,SITTING
5906,SITTING
5907,SITTING
5908,SITTING
5909,SITTING
5910,SITTING
5911,SITTING
5912,SITTING
5913,SITTING
5914,SITTING
5915,SITTING
5916,SITTING
5917,SITTING
5918,SITTING
5919,SITTING
5920,SITTING
5921,SITTING
5922,SITTING
5923,SITTING
5924,SITTING
5925,SITTING
5926,SITTING
5927,SITTING
5928,SITTING
5929,SITTING
5930,SITTING
5931,SITTING
5932,SITTING
5933,SITTING
5934,SITTING
5935,SITTING
5936,SITTING
5937,SITTING
5938,SITTING
5939,SITTING
5940,LAYING
5941,LAYING
5942,LAYING
5943,LAYING
5944,LAYING
5945,LAYING
5946,LAYING
5947,LAYING
5948,LAYING
5949,LAYING
5950,LAYING
5951,LAYING
5952,LAYING
5953,LAYING
5954,LAYING
5955,LAYING
5956,LAYING
5957,LAYING
5958,LAYING
5959,LAYING
5960,LAYING
5961,LAYING
5962,LAYING
5963,LAYING
5964,LAYING
5965,LAYING
5966,LAYING
5967,LAYING
5968,LAYING
5969,LAYING
5970,LAYING
5971,LAYING
5972,LAYING
5973,LAYING
5974,LAYING
5975,LAYING
5976,WALKING
5977,WALKING
5978,WALKING
5979,WALKING
5980,WALKING
5981,WALKING
5982,WALKING
5983,WALKING
5984,WALKING
5985,WALKING
5986,WALKING
5987,WALKING
5988,WALKING
5989,WALKING
5990,WALKING
5991,WALKING
5992,WALKING
5993,WALKING
5994,WALKING
5995,WALKING
5996,WALKING
5997,WALKING
5998,WALKING
5999,WALKING
6000,WALKING
6001,WALKING
6002,WALKING
6003,WALKING
6004,WALKING_DOWNSTAIRS
6005,WALKING_DOWNSTAIRS
6006,WALKING_DOWNSTAIRS
6007,WALKING_DOWNSTAIRS
6008,WALKING_DOWNSTAIRS
6009,WALKING_DOWNSTAIRS
6010,WALKING_DOWNSTAIRS
6011,WALKING_DOWNSTAIRS
6012,WALKING_DOWNSTAIRS
6013,WALKING_DOWNSTAIRS
6014,WALKING_DOWNSTAIRS
6015,WALKING_DOWNSTAIRS
6016,WALKING_DOWNSTAIRS
6017,WALKING_DOWNSTAIRS
6018,WALKING_DOWNSTAIRS
6019,WALKING_DOWNSTAIRS
6020,WALKING_DOWNSTAIRS
6021,WALKING_DOWNSTAIRS
6022,WALKING_DOWNSTAIRS
6023,WALKING_DOWNSTAIRS
6024,WALKING_DOWNSTAIRS
6025,WALKING_DOWNSTAIRS
6026,WALKING_UPSTAIRS
6027,WALKING_UPSTAIRS
6028,WALKING_UPSTAIRS
6029,WALKING_UPSTAIRS
6030,WALKING_UPSTAIRS
6031,WALKING_UPSTAIRS
6032,WALKING_UPSTAIRS
6033,WALKING_UPSTAIRS
6034,WALKING_UPSTAIRS
6035,WALKING_UPSTAIRS
6036,WALKING_UPSTAIRS
6037,WALKING_UPSTAIRS
6038,WALKING_UPSTAIRS
6039,WALKING_UPSTAIRS
6040,WALKING_UPSTAIRS
6041,WALKING_UPSTAIRS
6042,WALKING_UPSTAIRS
6043,WALKING_UPSTAIRS
6044,WALKING_UPSTAIRS
6045,WALKING_UPSTAIRS
6046,WALKING_UPSTAIRS
6047,WALKING_UPSTAIRS
6048,WALKING_UPSTAIRS
6049,WALKING_UPSTAIRS
6050,WALKING_UPSTAIRS
6051,STANDING
6052,STANDING
6053,STANDING
6054,STANDING
6055,STANDING
6056,STANDING
6057,STANDING
6058,STANDING
6059,STANDING
6060,STANDING
6061,STANDING
6062,STANDING
6063,STANDING
6064,STANDING
6065,STANDING
6066,STANDING
6067,STANDING
6068,STANDING
6069,STANDING
6070,STANDING
6071,STANDING
6072,STANDING
6073,STANDING
6074,STANDING
6075,STANDING
6076,STANDING
6077,STANDING
6078,STANDING
6079,STANDING
6080,STANDING
6081,STANDING
6082,STANDING
6083,STANDING
6084,STANDING
6085,STANDING
6086,STANDING
6087,STANDING
6088,STANDING
6089,STANDING
6090,STANDING
6091,STANDING
6092,STANDING
6093,STANDING
6094,STANDING
6095,SITTING
6096,SITTING
6097,SITTING
6098,SITTING
6099,SITTING
6100,SITTING
6101,SITTING
6102,SITTING
6103,SITTING
6104,SITTING
6105,SITTING
6106,SITTING
6107,SITTING
6108,SITTING
6109,SITTING
6110,SITTING
6111,SITTING
6112,SITTING
6113,SITTING
6114,SITTING
6115,SITTING
6116,SITTING
6117,SITTING
6118,SITTING
6119,SITTING
6120,SITTING
6121,SITTING
6122,SITTING
6123,SITTING
6124,SITTING
6125,SITTING
6126,SITTING
6127,SITTING
6128,LAYING
6129,LAYING
6130,LAYING
6131,LAYING
6132,LAYING
6133,LAYING
6134,LAYING
6135,LAYING
6136,LAYING
6137,LAYING
6138,LAYING
6139,LAYING
6140,LAYING
6141,LAYING
6142,LAYING
6143,LAYING
6144,LAYING
6145,LAYING
6146,LAYING
6147,LAYING
6148,LAYING
6149,LAYING
6150,LAYING
6151,LAYING
6152,LAYING
6153,LAYING
6154,LAYING
6155,LAYING
6156,LAYING
6157,LAYING
6158,LAYING
6159,LAYING
6160,LAYING
6161,LAYING
6162,LAYING
6163,LAYING
6164,LAYING
6165,LAYING
6166,WALKING
6167,WALKING
6168,WALKING
6169,WALKING
6170,WALKING
6171,WALKING
6172,WALKING
6173,WALKING
6174,WALKING
6175,WALKING
6176,WALKING
6177,WALKING
6178,WALKING
6179,WALKING
6180,WALKING
6181,WALKING
6182,WALKING
6183,WALKING
6184,WALKING
6185,WALKING
6186,WALKING
6187,WALKING
6188,WALKING
6189,WALKING
6190,WALKING
6191,WALKING
6192,WALKING
6193,WALKING
6194,WALKING
6195,WALKING_DOWNSTAIRS
6196,WALKING_DOWNSTAIRS
6197,WALKING_DOWNSTAIRS
6198,WALKING_DOWNSTAIRS
6199,WALKING_DOWNSTAIRS
6200,WALKING_DOWNSTAIRS
6201,WALKING_DOWNSTAIRS
6202,WALKING_DOWNSTAIRS
6203,WALKING_DOWNSTAIRS
6204,WALKING_DOWNSTAIRS
6205,WALKING_DOWNSTAIRS
6206,WALKING_DOWNSTAIRS
6207,WALKING_DOWNSTAIRS
6208,WALKING_DOWNSTAIRS
6209,WALKING_DOWNSTAIRS
6210,WALKING_DOWNSTAIRS
6211,WALKING_DOWNSTAIRS
6212,WALKING_DOWNSTAIRS
6213,WALKING_DOWNSTAIRS
6214,WALKING_DOWNSTAIRS
6215,WALKING_DOWNSTAIRS
6216,WALKING_DOWNSTAIRS
6217,WALKING_UPSTAIRS
6218,WALKING_UPSTAIRS
6219,WALKING_UPSTAIRS
6220,WALKING_UPSTAIRS
6221,WALKING_UPSTAIRS
6222,WALKING_UPSTAIRS
6223,WALKING_UPSTAIRS
6224,WALKING_UPSTAIRS
6225,WALKING_UPSTAIRS
6226,WALKING_UPSTAIRS
6227,WALKING_UPSTAIRS
6228,WALKING_UPSTAIRS
6229,WALKING_UPSTAIRS
6230,WALKING_UPSTAIRS
6231,WALKING_UPSTAIRS
6232,WALKING_UPSTAIRS
6233,WALKING_UPSTAIRS
6234,WALKING_UPSTAIRS
6235,WALKING_UPSTAIRS
6236,WALKING_UPSTAIRS
6237,WALKING_UPSTAIRS
6238,WALKING_UPSTAIRS
6239,WALKING_UPSTAIRS
6240,WALKING_UPSTAIRS
6241,WALKING_UPSTAIRS
6242,WALKING_UPSTAIRS
6243,STANDING
6244,STANDING
6245,STANDING
6246,STANDING
6247,STANDING
6248,STANDING
6249,STANDING
6250,STANDING
6251,STANDING
6252,STANDING
6253,STANDING
6254,STANDING
6255,STANDING
6256,STANDING
6257,STANDING
6258,STANDING
6259,STANDING
6260,STANDING
6261,STANDING
6262,STANDING
6263,STANDING
6264,STANDING
6265,STANDING
6266,STANDING
6267,STANDING
6268,STANDING
6269,STANDING
6270,STANDING
6271,STANDING
6272,STANDING
6273,STANDING
6274,STANDING
6275,STANDING
6276,STANDING
6277,STANDING
6278,STANDING
6279,STANDING
6280,STANDING
6281,STANDING
6282,STANDING
6283,STANDING
6284,STANDING
6285,STANDING
6286,SITTING
6287,SITTING
6288,SITTING
6289,SITTING
6290,SITTING
6291,SITTING
6292,SITTING
6293,SITTING
6294,SITTING
6295,SITTING
6296,SITTING
6297,SITTING
6298,SITTING
6299,SITTING
6300,SITTING
6301,SITTING
6302,SITTING
6303,SITTING
6304,SITTING
6305,SITTING
6306,SITTING
6307,SITTING
6308,SITTING
6309,SITTING
6310,SITTING
6311,SITTING
6312,SITTING
6313,SITTING
6314,SITTING
6315,SITTING
6316,SITTING
6317,SITTING
6318,SITTING
6319,SITTING
6320,SITTING
6321,SITTING
6322,SITTING
6323,SITTING
6324,SITTING
6325,SITTING
6326,SITTING
6327,SITTING
6328,SITTING
6329,LAYING
6330,LAYING
6331,LAYING
6332,LAYING
6333,LAYING
6334,LAYING
6335,LAYING
6336,LAYING
6337,LAYING
6338,LAYING
6339,LAYING
6340,LAYING
6341,LAYING
6342,LAYING
6343,LAYING
6344,LAYING
6345,LAYING
6346,LAYING
6347,LAYING
6348,LAYING
6349,LAYING
6350,LAYING
6351,LAYING
6352,LAYING
6353,LAYING
6354,LAYING
6355,LAYING
6356,LAYING
6357,LAYING
6358,LAYING
6359,LAYING
6360,LAYING
6361,LAYING
6362,LAYING
6363,LAYING
6364,LAYING
6365,LAYING
6366,LAYING
6367,LAYING
6368,LAYING
6369,LAYING
6370,LAYING
6371,WALKING
6372,WALKING
6373,WALKING
6374,WALKING
6375,WALKING
6376,WALKING
6377,WALKING
6378,WALKING
6379,WALKING
6380,WALKING
6381,WALKING
6382,WALKING
6383,WALKING
6384,WALKING
6385,WALKING
6386,WALKING
6387,WALKING
6388,WALKING
6389,WALKING
6390,WALKING
6391,WALKING
6392,WALKING
6393,WALKING
6394,WALKING
6395,WALKING
6396,WALKING
6397,WALKING
6398,WALKING
6399,WALKING_DOWNSTAIRS
6400,WALKING_DOWNSTAIRS
6401,WALKING_DOWNSTAIRS
6402,WALKING_DOWNSTAIRS
6403,WALKING_DOWNSTAIRS
6404,WALKING_DOWNSTAIRS
6405,WALKING_DOWNSTAIRS
6406,WALKING_DOWNSTAIRS
6407,WALKING_UPSTAIRS
6408,WALKING_UPSTAIRS
6409,WALKING_UPSTAIRS
6410,WALKING_UPSTAIRS
6411,WALKING_UPSTAIRS
6412,WALKING_UPSTAIRS
6413,WALKING_UPSTAIRS
6414,WALKING_UPSTAIRS
6415,WALKING_UPSTAIRS
6416,WALKING_DOWNSTAIRS
6417,WALKING_DOWNSTAIRS
6418,WALKING_DOWNSTAIRS
6419,WALKING_DOWNSTAIRS
6420,WALKING_DOWNSTAIRS
6421,WALKING_DOWNSTAIRS
6422,WALKING_DOWNSTAIRS
6423,WALKING_DOWNSTAIRS
6424,WALKING_DOWNSTAIRS
6425,WALKING_DOWNSTAIRS
6426,WALKING_DOWNSTAIRS
6427,WALKING_DOWNSTAIRS
6428,WALKING_DOWNSTAIRS
6429,WALKING_DOWNSTAIRS
6430,WALKING_DOWNSTAIRS
6431,WALKING_DOWNSTAIRS
6432,WALKING_UPSTAIRS
6433,WALKING_UPSTAIRS
6434,WALKING_UPSTAIRS
6435,WALKING_UPSTAIRS
6436,WALKING_UPSTAIRS
6437,WALKING_UPSTAIRS
6438,WALKING_UPSTAIRS
6439,WALKING_UPSTAIRS
6440,WALKING_UPSTAIRS
6441,WALKING_UPSTAIRS
6442,WALKING_UPSTAIRS
6443,WALKING_UPSTAIRS
6444,WALKING_UPSTAIRS
6445,WALKING_UPSTAIRS
6446,WALKING_UPSTAIRS
6447,WALKING_UPSTAIRS
6448,WALKING_UPSTAIRS
6449,WALKING_UPSTAIRS
6450,WALKING_UPSTAIRS
6451,STANDING
6452,STANDING
6453,STANDING
6454,STANDING
6455,STANDING
6456,STANDING
6457,STANDING
6458,STANDING
6459,STANDING
6460,STANDING
6461,STANDING
6462,STANDING
6463,STANDING
6464,STANDING
6465,STANDING
6466,STANDING
6467,STANDING
6468,STANDING
6469,STANDING
6470,STANDING
6471,STANDING
6472,STANDING
6473,STANDING
6474,STANDING
6475,STANDING
6476,STANDING
6477,STANDING
6478,STANDING
6479,STANDING
6480,STANDING
6481,STANDING
6482,STANDING
6483,STANDING
6484,STANDING
6485,STANDING
6486,STANDING
6487,SITTING
6488,SITTING
6489,SITTING
6490,SITTING
6491,SITTING
6492,SITTING
6493,SITTING
6494,SITTING
6495,SITTING
6496,SITTING
6497,SITTING
6498,SITTING
6499,SITTING
6500,SITTING
6501,SITTING
6502,SITTING
6503,SITTING
6504,SITTING
6505,SITTING
6506,SITTING
6507,SITTING
6508,SITTING
6509,SITTING
6510,SITTING
6511,SITTING
6512,SITTING
6513,SITTING
6514,SITTING
6515,SITTING
6516,LAYING
6517,LAYING
6518,LAYING
6519,LAYING
6520,LAYING
6521,LAYING
6522,LAYING
6523,LAYING
6524,LAYING
6525,LAYING
6526,LAYING
6527,LAYING
6528,LAYING
6529,LAYING
6530,LAYING
6531,LAYING
6532,LAYING
6533,LAYING
6534,LAYING
6535,LAYING
6536,LAYING
6537,LAYING
6538,LAYING
6539,LAYING
6540,LAYING
6541,LAYING
6542,LAYING
6543,LAYING
6544,LAYING
6545,LAYING
6546,LAYING
6547,LAYING
6548,LAYING
6549,LAYING
6550,LAYING
6551,LAYING
6552,LAYING
6553,LAYING
6554,WALKING
6555,WALKING
6556,WALKING
6557,WALKING
6558,WALKING
6559,WALKING
6560,WALKING
6561,WALKING
6562,WALKING
6563,WALKING
6564,WALKING
6565,WALKING
6566,WALKING
6567,WALKING
6568,WALKING
6569,WALKING
6570,WALKING
6571,WALKING
6572,WALKING
6573,WALKING
6574,WALKING
6575,WALKING
6576,WALKING
6577,WALKING
6578,WALKING
6579,WALKING
6580,WALKING_DOWNSTAIRS
6581,WALKING_DOWNSTAIRS
6582,WALKING_DOWNSTAIRS
6583,WALKING_DOWNSTAIRS
6584,WALKING_DOWNSTAIRS
6585,WALKING_DOWNSTAIRS
6586,WALKING_DOWNSTAIRS
6587,WALKING_DOWNSTAIRS
6588,WALKING_DOWNSTAIRS
6589,WALKING_DOWNSTAIRS
6590,WALKING_DOWNSTAIRS
6591,WALKING_DOWNSTAIRS
6592,WALKING_DOWNSTAIRS
6593,WALKING_DOWNSTAIRS
6594,WALKING_DOWNSTAIRS
6595,WALKING_DOWNSTAIRS
6596,WALKING_DOWNSTAIRS
6597,WALKING_DOWNSTAIRS
6598,WALKING_DOWNSTAIRS
6599,WALKING_DOWNSTAIRS
6600,WALKING_DOWNSTAIRS
6601,WALKING_DOWNSTAIRS
6602,WALKING_UPSTAIRS
6603,WALKING_UPSTAIRS
6604,WALKING_UPSTAIRS
6605,WALKING_UPSTAIRS
6606,WALKING_UPSTAIRS
6607,WALKING_UPSTAIRS
6608,WALKING_UPSTAIRS
6609,WALKING_UPSTAIRS
6610,WALKING_UPSTAIRS
6611,WALKING_UPSTAIRS
6612,WALKING_UPSTAIRS
6613,WALKING_UPSTAIRS
6614,WALKING_UPSTAIRS
6615,WALKING_UPSTAIRS
6616,WALKING_UPSTAIRS
6617,WALKING_UPSTAIRS
6618,WALKING_UPSTAIRS
6619,WALKING_UPSTAIRS
6620,WALKING_UPSTAIRS
6621,WALKING_UPSTAIRS
6622,WALKING_UPSTAIRS
6623,WALKING_UPSTAIRS
6624,WALKING_UPSTAIRS
6625,STANDING
6626,STANDING
6627,STANDING
6628,STANDING
6629,STANDING
6630,STANDING
6631,STANDING
6632,STANDING
6633,STANDING
6634,STANDING
6635,STANDING
6636,STANDING
6637,STANDING
6638,STANDING
6639,STANDING
6640,STANDING
6641,STANDING
6642,STANDING
6643,STANDING
6644,STANDING
6645,STANDING
6646,STANDING
6647,STANDING
6648,STANDING
6649,STANDING
6650,STANDING
6651,STANDING
6652,STANDING
6653,STANDING
6654,STANDING
6655,STANDING
6656,SITTING
6657,SITTING
6658,SITTING
6659,SITTING
6660,SITTING
6661,SITTING
6662,SITTING
6663,SITTING
6664,SITTING
6665,SITTING
6666,SITTING
6667,SITTING
6668,SITTING
6669,SITTING
6670,SITTING
6671,SITTING
6672,SITTING
6673,SITTING
6674,SITTING
6675,SITTING
6676,SITTING
6677,SITTING
6678,SITTING
6679,SITTING
6680,SITTING
6681,SITTING
6682,SITTING
6683,SITTING
6684,LAYING
6685,LAYING
6686,LAYING
6687,LAYING
6688,LAYING
6689,LAYING
6690,LAYING
6691,LAYING
6692,LAYING
6693,LAYING
6694,LAYING
6695,LAYING
6696,LAYING
6697,LAYING
6698,LAYING
6699,LAYING
6700,LAYING
6701,LAYING
6702,LAYING
6703,LAYING
6704,LAYING
6705,LAYING
6706,LAYING
6707,LAYING
6708,LAYING
6709,LAYING
6710,LAYING
6711,LAYING
6712,LAYING
6713,LAYING
6714,LAYING
6715,LAYING
6716,LAYING
6717,LAYING
6718,LAYING
6719,LAYING
6720,LAYING
6721,LAYING
6722,LAYING
6723,LAYING
6724,WALKING
6725,WALKING
6726,WALKING
6727,WALKING
6728,WALKING
6729,WALKING
6730,WALKING
6731,WALKING
6732,WALKING
6733,WALKING
6734,WALKING
6735,WALKING
6736,WALKING
6737,WALKING
6738,WALKING
6739,WALKING
6740,WALKING
6741,WALKING
6742,WALKING
6743,WALKING
6744,WALKING
6745,WALKING
6746,WALKING
6747,WALKING
6748,WALKING
6749,WALKING
6750,WALKING_DOWNSTAIRS
6751,WALKING_DOWNSTAIRS
6752,WALKING_DOWNSTAIRS
6753,WALKING_DOWNSTAIRS
6754,WALKING_DOWNSTAIRS
6755,WALKING_DOWNSTAIRS
6756,WALKING_DOWNSTAIRS
6757,WALKING_DOWNSTAIRS
6758,WALKING_DOWNSTAIRS
6759,WALKING_DOWNSTAIRS
6760,WALKING_DOWNSTAIRS
6761,WALKING_DOWNSTAIRS
6762,WALKING_DOWNSTAIRS
6763,WALKING_DOWNSTAIRS
6764,WALKING_DOWNSTAIRS
6765,WALKING_DOWNSTAIRS
6766,WALKING_DOWNSTAIRS
6767,WALKING_DOWNSTAIRS
6768,WALKING_DOWNSTAIRS
6769,WALKING_DOWNSTAIRS
6770,WALKING_DOWNSTAIRS
6771,WALKING_DOWNSTAIRS
6772,WALKING_DOWNSTAIRS
6773,WALKING_DOWNSTAIRS
6774,WALKING_UPSTAIRS
6775,WALKING_UPSTAIRS
6776,WALKING_UPSTAIRS
6777,WALKING_UPSTAIRS
6778,WALKING_UPSTAIRS
6779,WALKING_UPSTAIRS
6780,WALKING_UPSTAIRS
6781,WALKING_UPSTAIRS
6782,WALKING_UPSTAIRS
6783,WALKING_UPSTAIRS
6784,WALKING_UPSTAIRS
6785,WALKING_UPSTAIRS
6786,WALKING_UPSTAIRS
6787,WALKING_UPSTAIRS
6788,WALKING_UPSTAIRS
6789,WALKING_UPSTAIRS
6790,WALKING_UPSTAIRS
6791,WALKING_UPSTAIRS
6792,WALKING_UPSTAIRS
6793,WALKING_UPSTAIRS
6794,WALKING_UPSTAIRS
6795,WALKING_UPSTAIRS
6796,WALKING_UPSTAIRS
6797,WALKING_UPSTAIRS
6798,WALKING_UPSTAIRS
6799,STANDING
6800,STANDING
6801,STANDING
6802,STANDING
6803,STANDING
6804,STANDING
6805,STANDING
6806,STANDING
6807,STANDING
6808,STANDING
6809,STANDING
6810,STANDING
6811,STANDING
6812,STANDING
6813,STANDING
6814,STANDING
6815,STANDING
6816,STANDING
6817,STANDING
6818,STANDING
6819,STANDING
6820,STANDING
6821,STANDING
6822,STANDING
6823,STANDING
6824,STANDING
6825,STANDING
6826,STANDING
6827,STANDING
6828,STANDING
6829,STANDING
6830,STANDING
6831,STANDING
6832,STANDING
6833,SITTING
6834,SITTING
6835,SITTING
6836,SITTING
6837,SITTING
6838,SITTING
6839,SITTING
6840,SITTING
6841,SITTING
6842,SITTING
6843,SITTING
6844,SITTING
6845,SITTING
6846,SITTING
6847,SITTING
6848,SITTING
6849,SITTING
6850,SITTING
6851,SITTING
6852,SITTING
6853,SITTING
6854,SITTING
6855,SITTING
6856,SITTING
6857,SITTING
6858,SITTING
6859,SITTING
6860,SITTING
6861,SITTING
6862,SITTING
6863,SITTING
6864,SITTING
6865,LAYING
6866,LAYING
6867,LAYING
6868,LAYING
6869,LAYING
6870,LAYING
6871,LAYING
6872,LAYING
6873,LAYING
6874,LAYING
6875,LAYING
6876,LAYING
6877,LAYING
6878,LAYING
6879,LAYING
6880,LAYING
6881,LAYING
6882,LAYING
6883,LAYING
6884,LAYING
6885,LAYING
6886,LAYING
6887,LAYING
6888,LAYING
6889,LAYING
6890,LAYING
6891,LAYING
6892,LAYING
6893,LAYING
6894,WALKING
6895,WALKING
6896,WALKING
6897,WALKING
6898,WALKING
6899,WALKING
6900,WALKING
6901,WALKING
6902,WALKING
6903,WALKING
6904,WALKING
6905,WALKING
6906,WALKING
6907,WALKING
6908,WALKING
6909,WALKING
6910,WALKING
6911,WALKING
6912,WALKING
6913,WALKING
6914,WALKING
6915,WALKING
6916,WALKING
6917,WALKING
6918,WALKING
6919,WALKING
6920,WALKING
6921,WALKING_DOWNSTAIRS
6922,WALKING_DOWNSTAIRS
6923,WALKING_DOWNSTAIRS
6924,WALKING_DOWNSTAIRS
6925,WALKING_DOWNSTAIRS
6926,WALKING_DOWNSTAIRS
6927,WALKING_DOWNSTAIRS
6928,WALKING_DOWNSTAIRS
6929,WALKING_DOWNSTAIRS
6930,WALKING_DOWNSTAIRS
6931,WALKING_DOWNSTAIRS
6932,WALKING_DOWNSTAIRS
6933,WALKING_DOWNSTAIRS
6934,WALKING_DOWNSTAIRS
6935,WALKING_DOWNSTAIRS
6936,WALKING_DOWNSTAIRS
6937,WALKING_DOWNSTAIRS
6938,WALKING_DOWNSTAIRS
6939,WALKING_DOWNSTAIRS
6940,WALKING_DOWNSTAIRS
6941,WALKING_DOWNSTAIRS
6942,WALKING_DOWNSTAIRS
6943,WALKING_DOWNSTAIRS
6944,WALKING_DOWNSTAIRS
6945,WALKING_UPSTAIRS
6946,WALKING_UPSTAIRS
6947,WALKING_UPSTAIRS
6948,WALKING_UPSTAIRS
6949,WALKING_UPSTAIRS
6950,WALKING_UPSTAIRS
6951,WALKING_UPSTAIRS
6952,WALKING_UPSTAIRS
6953,WALKING_UPSTAIRS
6954,WALKING_UPSTAIRS
6955,WALKING_UPSTAIRS
6956,WALKING_UPSTAIRS
6957,WALKING_UPSTAIRS
6958,WALKING_UPSTAIRS
6959,WALKING_UPSTAIRS
6960,WALKING_UPSTAIRS
6961,WALKING_UPSTAIRS
6962,WALKING_UPSTAIRS
6963,WALKING_UPSTAIRS
6964,WALKING_UPSTAIRS
6965,WALKING_UPSTAIRS
6966,WALKING_UPSTAIRS
6967,WALKING_UPSTAIRS
6968,WALKING_UPSTAIRS
6969,STANDING
6970,STANDING
6971,STANDING
6972,STANDING
6973,STANDING
6974,STANDING
6975,STANDING
6976,STANDING
6977,STANDING
6978,STANDING
6979,STANDING
6980,STANDING
6981,STANDING
6982,STANDING
6983,STANDING
6984,STANDING
6985,STANDING
6986,STANDING
6987,STANDING
6988,STANDING
6989,STANDING
6990,STANDING
6991,STANDING
6992,STANDING
6993,STANDING
6994,STANDING
6995,STANDING
6996,SITTING
6997,SITTING
6998,SITTING
6999,SITTING
7000,SITTING
7001,SITTING
7002,SITTING
7003,SITTING
7004,SITTING
7005,SITTING
7006,SITTING
7007,SITTING
7008,SITTING
7009,SITTING
7010,SITTING
7011,SITTING
7012,SITTING
7013,SITTING
7014,SITTING
7015,SITTING
7016,SITTING
7017,SITTING
7018,SITTING
7019,SITTING
7020,SITTING
7021,SITTING
7022,SITTING
7023,SITTING
7024,SITTING
7025,SITTING
7026,SITTING
7027,SITTING
7028,LAYING
7029,LAYING
7030,LAYING
7031,LAYING
7032,LAYING
7033,LAYING
7034,LAYING
7035,LAYING
7036,LAYING
7037,LAYING
7038,LAYING
7039,LAYING
7040,LAYING
7041,LAYING
7042,LAYING
7043,LAYING
7044,LAYING
7045,LAYING
7046,LAYING
7047,LAYING
7048,LAYING
7049,LAYING
7050,LAYING
7051,LAYING
7052,LAYING
7053,LAYING
7054,LAYING
7055,LAYING
7056,LAYING
7057,LAYING
7058,LAYING
7059,LAYING
7060,LAYING
7061,LAYING
7062,LAYING
7063,LAYING
7064,LAYING
7065,LAYING
7066,WALKING
7067,WALKING
7068,WALKING
7069,WALKING
7070,WALKING
7071,WALKING
7072,WALKING
7073,WALKING
7074,WALKING
7075,WALKING
7076,WALKING
7077,WALKING
7078,WALKING
7079,WALKING
7080,WALKING
7081,WALKING
7082,WALKING
7083,WALKING
7084,WALKING
7085,WALKING
7086,WALKING
7087,WALKING
7088,WALKING
7089,WALKING
7090,WALKING
7091,WALKING
7092,WALKING
7093,WALKING
7094,WALKING
7095,WALKING
7096,WALKING
7097,WALKING
7098,WALKING
7099,WALKING_DOWNSTAIRS
7100,WALKING_DOWNSTAIRS
7101,WALKING_DOWNSTAIRS
7102,WALKING_DOWNSTAIRS
7103,WALKING_DOWNSTAIRS
7104,WALKING_DOWNSTAIRS
7105,WALKING_DOWNSTAIRS
7106,WALKING_DOWNSTAIRS
7107,WALKING_DOWNSTAIRS
7108,WALKING_DOWNSTAIRS
7109,WALKING_DOWNSTAIRS
7110,WALKING_DOWNSTAIRS
7111,WALKING_DOWNSTAIRS
7112,WALKING_DOWNSTAIRS
7113,WALKING_DOWNSTAIRS
7114,WALKING_DOWNSTAIRS
7115,WALKING_DOWNSTAIRS
7116,WALKING_DOWNSTAIRS
7117,WALKING_DOWNSTAIRS
7118,WALKING_DOWNSTAIRS
7119,WALKING_DOWNSTAIRS
7120,WALKING_DOWNSTAIRS
7121,WALKING_DOWNSTAIRS
7122,WALKING_UPSTAIRS
7123,WALKING_UPSTAIRS
7124,WALKING_UPSTAIRS
7125,WALKING_UPSTAIRS
7126,WALKING_UPSTAIRS
7127,WALKING_UPSTAIRS
7128,WALKING_UPSTAIRS
7129,WALKING_UPSTAIRS
7130,WALKING_UPSTAIRS
7131,WALKING_UPSTAIRS
7132,WALKING_UPSTAIRS
7133,WALKING_UPSTAIRS
7134,WALKING_UPSTAIRS
7135,WALKING_UPSTAIRS
7136,WALKING_UPSTAIRS
7137,WALKING_UPSTAIRS
7138,WALKING_UPSTAIRS
7139,WALKING_UPSTAIRS
7140,WALKING_UPSTAIRS
7141,WALKING_UPSTAIRS
7142,WALKING_UPSTAIRS
7143,WALKING_UPSTAIRS
7144,WALKING_UPSTAIRS
7145,WALKING_UPSTAIRS
7146,WALKING_DOWNSTAIRS
7147,WALKING_DOWNSTAIRS
7148,WALKING_DOWNSTAIRS
7149,WALKING_DOWNSTAIRS
7150,WALKING_DOWNSTAIRS
7151,WALKING_DOWNSTAIRS
7152,WALKING_DOWNSTAIRS
7153,WALKING_DOWNSTAIRS
7154,WALKING_DOWNSTAIRS
7155,WALKING_DOWNSTAIRS
7156,WALKING_DOWNSTAIRS
7157,WALKING_UPSTAIRS
7158,WALKING_UPSTAIRS
7159,WALKING_UPSTAIRS
7160,WALKING_UPSTAIRS
7161,WALKING_UPSTAIRS
7162,WALKING_UPSTAIRS
7163,WALKING_UPSTAIRS
7164,WALKING_UPSTAIRS
7165,WALKING_UPSTAIRS
7166,WALKING_UPSTAIRS
7167,WALKING_UPSTAIRS
7168,STANDING
7169,STANDING
7170,STANDING
7171,STANDING
7172,STANDING
7173,STANDING
7174,STANDING
7175,STANDING
7176,STANDING
7177,STANDING
7178,STANDING
7179,STANDING
7180,STANDING
7181,STANDING
7182,STANDING
7183,STANDING
7184,STANDING
7185,STANDING
7186,STANDING
7187,STANDING
7188,STANDING
7189,STANDING
7190,STANDING
7191,STANDING
7192,STANDING
7193,STANDING
7194,STANDING
7195,STANDING
7196,STANDING
7197,STANDING
7198,STANDING
7199,STANDING
7200,SITTING
7201,SITTING
7202,SITTING
7203,SITTING
7204,SITTING
7205,SITTING
7206,SITTING
7207,SITTING
7208,SITTING
7209,SITTING
7210,SITTING
7211,SITTING
7212,SITTING
7213,SITTING
7214,SITTING
7215,SITTING
7216,SITTING
7217,SITTING
7218,SITTING
7219,SITTING
7220,SITTING
7221,SITTING
7222,SITTING
7223,SITTING
7224,SITTING
7225,SITTING
7226,SITTING
7227,SITTING
7228,SITTING
7229,SITTING
7230,LAYING
7231,LAYING
7232,LAYING
7233,LAYING
7234,LAYING
7235,LAYING
7236,LAYING
7237,LAYING
7238,LAYING
7239,LAYING
7240,LAYING
7241,LAYING
7242,LAYING
7243,LAYING
7244,LAYING
7245,LAYING
7246,LAYING
7247,LAYING
7248,LAYING
7249,LAYING
7250,LAYING
7251,LAYING
7252,LAYING
7253,LAYING
7254,LAYING
7255,LAYING
7256,LAYING
7257,LAYING
7258,LAYING
7259,LAYING
7260,LAYING
7261,LAYING
7262,WALKING
7263,WALKING
7264,WALKING
7265,WALKING
7266,WALKING
7267,WALKING
7268,WALKING
7269,WALKING
7270,WALKING
7271,WALKING
7272,WALKING
7273,WALKING
7274,WALKING
7275,WALKING
7276,WALKING
7277,WALKING
7278,WALKING
7279,WALKING
7280,WALKING
7281,WALKING
7282,WALKING
7283,WALKING
7284,WALKING
7285,WALKING
7286,WALKING
7287,WALKING
7288,WALKING
7289,WALKING
7290,WALKING
7291,WALKING
7292,WALKING
7293,WALKING
7294,WALKING_DOWNSTAIRS
7295,WALKING_DOWNSTAIRS
7296,WALKING_DOWNSTAIRS
7297,WALKING_DOWNSTAIRS
7298,WALKING_DOWNSTAIRS
7299,WALKING_DOWNSTAIRS
7300,WALKING_DOWNSTAIRS
7301,WALKING_DOWNSTAIRS
7302,WALKING_DOWNSTAIRS
7303,WALKING_DOWNSTAIRS
7304,WALKING_DOWNSTAIRS
7305,WALKING_DOWNSTAIRS
7306,WALKING_DOWNSTAIRS
7307,WALKING_DOWNSTAIRS
7308,WALKING_DOWNSTAIRS
7309,WALKING_DOWNSTAIRS
7310,WALKING_DOWNSTAIRS
7311,WALKING_DOWNSTAIRS
7312,WALKING_DOWNSTAIRS
7313,WALKING_DOWNSTAIRS
7314,WALKING_DOWNSTAIRS
7315,WALKING_DOWNSTAIRS
7316,WALKING_DOWNSTAIRS
7317,WALKING_DOWNSTAIRS
7318,WALKING_DOWNSTAIRS
7319,WALKING_DOWNSTAIRS
7320,WALKING_DOWNSTAIRS
7321,WALKING_DOWNSTAIRS
7322,WALKING_UPSTAIRS
7323,WALKING_UPSTAIRS
7324,WALKING_UPSTAIRS
7325,WALKING_UPSTAIRS
7326,WALKING_UPSTAIRS
7327,WALKING_UPSTAIRS
7328,WALKING_UPSTAIRS
7329,WALKING_UPSTAIRS
7330,WALKING_UPSTAIRS
7331,WALKING_UPSTAIRS
7332,WALKING_UPSTAIRS
7333,WALKING_UPSTAIRS
7334,WALKING_UPSTAIRS
7335,WALKING_UPSTAIRS
7336,WALKING_UPSTAIRS
7337,WALKING_UPSTAIRS
7338,WALKING_UPSTAIRS
7339,WALKING_UPSTAIRS
7340,WALKING_UPSTAIRS
7341,WALKING_UPSTAIRS
7342,WALKING_UPSTAIRS
7343,WALKING_UPSTAIRS
7344,WALKING_UPSTAIRS
7345,WALKING_UPSTAIRS
7346,WALKING_UPSTAIRS
7347,WALKING_UPSTAIRS
7348,WALKING_UPSTAIRS
7349,WALKING_UPSTAIRS
7350,WALKING_UPSTAIRS
7351,WALKING_UPSTAIRS
0,STANDING
1,STANDING
2,STANDING
3,STANDING
4,STANDING
5,STANDING
6,STANDING
7,STANDING
8,STANDING
9,STANDING
10,STANDING
11,STANDING
12,STANDING
13,STANDING
14,STANDING
15,STANDING
16,STANDING
17,STANDING
18,STANDING
19,STANDING
20,STANDING
21,STANDING
22,STANDING
23,STANDING
24,STANDING
25,STANDING
26,STANDING
27,STANDING
28,STANDING
29,STANDING
30,STANDING
31,SITTING
32,SITTING
33,SITTING
34,SITTING
35,SITTING
36,SITTING
37,SITTING
38,SITTING
39,SITTING
40,SITTING
41,SITTING
42,SITTING
43,SITTING
44,SITTING
45,SITTING
46,SITTING
47,SITTING
48,SITTING
49,SITTING
50,SITTING
51,SITTING
52,SITTING
53,SITTING
54,SITTING
55,LAYING
56,LAYING
57,LAYING
58,LAYING
59,LAYING
60,LAYING
61,LAYING
62,LAYING
63,LAYING
64,LAYING
65,LAYING
66,LAYING
67,LAYING
68,LAYING
69,LAYING
70,LAYING
71,LAYING
72,LAYING
73,LAYING
74,LAYING
75,LAYING
76,LAYING
77,LAYING
78,LAYING
79,WALKING
80,WALKING
81,WALKING
82,WALKING
83,WALKING
84,WALKING
85,WALKING
86,WALKING
87,WALKING
88,WALKING
89,WALKING
90,WALKING
91,WALKING
92,WALKING
93,WALKING
94,WALKING
95,WALKING
96,WALKING
97,WALKING
98,WALKING
99,WALKING
100,WALKING
101,WALKING
102,WALKING
103,WALKING
104,WALKING
105,WALKING
106,WALKING
107,WALKING
108,WALKING
109,WALKING_DOWNSTAIRS
110,WALKING_DOWNSTAIRS
111,WALKING_DOWNSTAIRS
112,WALKING_DOWNSTAIRS
113,WALKING_DOWNSTAIRS
114,WALKING_DOWNSTAIRS
115,WALKING_DOWNSTAIRS
116,WALKING_DOWNSTAIRS
117,WALKING_DOWNSTAIRS
118,WALKING_DOWNSTAIRS
119,WALKING_DOWNSTAIRS
120,WALKING_DOWNSTAIRS
121,WALKING_DOWNSTAIRS
122,WALKING_DOWNSTAIRS
123,WALKING_DOWNSTAIRS
124,WALKING_DOWNSTAIRS
125,WALKING_DOWNSTAIRS
126,WALKING_DOWNSTAIRS
127,WALKING_DOWNSTAIRS
128,WALKING_DOWNSTAIRS
129,WALKING_DOWNSTAIRS
130,WALKING_DOWNSTAIRS
131,WALKING_DOWNSTAIRS
132,WALKING_DOWNSTAIRS
133,WALKING_UPSTAIRS
134,WALKING_UPSTAIRS
135,WALKING_UPSTAIRS
136,WALKING_UPSTAIRS
137,WALKING_UPSTAIRS
138,WALKING_UPSTAIRS
139,WALKING_UPSTAIRS
140,WALKING_UPSTAIRS
141,WALKING_UPSTAIRS
142,WALKING_UPSTAIRS
143,WALKING_UPSTAIRS
144,WALKING_UPSTAIRS
145,WALKING_UPSTAIRS
146,WALKING_UPSTAIRS
147,WALKING_UPSTAIRS
148,WALKING_UPSTAIRS
149,WALKING_UPSTAIRS
150,WALKING_UPSTAIRS
151,WALKING_UPSTAIRS
152,WALKING_UPSTAIRS
153,WALKING_UPSTAIRS
154,WALKING_UPSTAIRS
155,WALKING_UPSTAIRS
156,WALKING_UPSTAIRS
157,WALKING_UPSTAIRS
158,STANDING
159,STANDING
160,STANDING
161,STANDING
162,STANDING
163,STANDING
164,STANDING
165,STANDING
166,STANDING
167,STANDING
168,STANDING
169,STANDING
170,STANDING
171,STANDING
172,STANDING
173,STANDING
174,STANDING
175,STANDING
176,STANDING
177,STANDING
178,STANDING
179,STANDING
180,STANDING
181,SITTING
182,SITTING
183,SITTING
184,SITTING
185,SITTING
186,SITTING
187,SITTING
188,SITTING
189,SITTING
190,SITTING
191,SITTING
192,SITTING
193,SITTING
194,SITTING
195,SITTING
196,SITTING
197,SITTING
198,SITTING
199,SITTING
200,SITTING
201,SITTING
202,SITTING
203,LAYING
204,LAYING
205,LAYING
206,LAYING
207,LAYING
208,LAYING
209,LAYING
210,LAYING
211,LAYING
212,LAYING
213,LAYING
214,LAYING
215,LAYING
216,LAYING
217,LAYING
218,LAYING
219,LAYING
220,LAYING
221,LAYING
222,LAYING
223,LAYING
224,LAYING
225,LAYING
226,LAYING
227,WALKING
228,WALKING
229,WALKING
230,WALKING
231,WALKING
232,WALKING
233,WALKING
234,WALKING
235,WALKING
236,WALKING
237,WALKING
238,WALKING
239,WALKING
240,WALKING
241,WALKING
242,WALKING
243,WALKING
244,WALKING
245,WALKING
246,WALKING
247,WALKING
248,WALKING
249,WALKING
250,WALKING
251,WALKING
252,WALKING
253,WALKING
254,WALKING
255,WALKING
256,WALKING_DOWNSTAIRS
257,WALKING_DOWNSTAIRS
258,WALKING_DOWNSTAIRS
259,WALKING_DOWNSTAIRS
260,WALKING_DOWNSTAIRS
261,WALKING_DOWNSTAIRS
262,WALKING_DOWNSTAIRS
263,WALKING_DOWNSTAIRS
264,WALKING_DOWNSTAIRS
265,WALKING_DOWNSTAIRS
266,WALKING_DOWNSTAIRS
267,WALKING_DOWNSTAIRS
268,WALKING_DOWNSTAIRS
269,WALKING_DOWNSTAIRS
270,WALKING_DOWNSTAIRS
271,WALKING_DOWNSTAIRS
272,WALKING_DOWNSTAIRS
273,WALKING_DOWNSTAIRS
274,WALKING_DOWNSTAIRS
275,WALKING_DOWNSTAIRS
276,WALKING_DOWNSTAIRS
277,WALKING_DOWNSTAIRS
278,WALKING_DOWNSTAIRS
279,WALKING_UPSTAIRS
280,WALKING_UPSTAIRS
281,WALKING_UPSTAIRS
282,WALKING_UPSTAIRS
283,WALKING_UPSTAIRS
284,WALKING_UPSTAIRS
285,WALKING_UPSTAIRS
286,WALKING_UPSTAIRS
287,WALKING_UPSTAIRS
288,WALKING_UPSTAIRS
289,WALKING_UPSTAIRS
290,WALKING_UPSTAIRS
291,WALKING_UPSTAIRS
292,WALKING_UPSTAIRS
293,WALKING_UPSTAIRS
294,WALKING_UPSTAIRS
295,WALKING_UPSTAIRS
296,WALKING_UPSTAIRS
297,WALKING_UPSTAIRS
298,WALKING_UPSTAIRS
299,WALKING_UPSTAIRS
300,WALKING_UPSTAIRS
301,WALKING_UPSTAIRS
302,STANDING
303,STANDING
304,STANDING
305,STANDING
306,STANDING
307,STANDING
308,STANDING
309,STANDING
310,STANDING
311,STANDING
312,STANDING
313,STANDING
314,STANDING
315,STANDING
316,STANDING
317,STANDING
318,STANDING
319,STANDING
320,STANDING
321,STANDING
322,STANDING
323,STANDING
324,STANDING
325,STANDING
326,STANDING
327,STANDING
328,STANDING
329,STANDING
330,SITTING
331,SITTING
332,SITTING
333,SITTING
334,SITTING
335,SITTING
336,SITTING
337,SITTING
338,SITTING
339,SITTING
340,SITTING
341,SITTING
342,SITTING
343,SITTING
344,SITTING
345,SITTING
346,SITTING
347,SITTING
348,SITTING
349,SITTING
350,SITTING
351,SITTING
352,SITTING
353,SITTING
354,LAYING
355,LAYING
356,LAYING
357,LAYING
358,LAYING
359,LAYING
360,LAYING
361,LAYING
362,LAYING
363,LAYING
364,LAYING
365,LAYING
366,LAYING
367,LAYING
368,LAYING
369,LAYING
370,LAYING
371,LAYING
372,LAYING
373,LAYING
374,LAYING
375,LAYING
376,LAYING
377,LAYING
378,LAYING
379,LAYING
380,LAYING
381,LAYING
382,LAYING
383,LAYING
384,WALKING
385,WALKING
386,WALKING
387,WALKING
388,WALKING
389,WALKING
390,WALKING
391,WALKING
392,WALKING
393,WALKING
394,WALKING
395,WALKING
396,WALKING
397,WALKING
398,WALKING
399,WALKING
400,WALKING
401,WALKING
402,WALKING
403,WALKING
404,WALKING
405,WALKING
406,WALKING
407,WALKING
408,WALKING
409,WALKING
410,WALKING
411,WALKING
412,WALKING
413,WALKING
414,WALKING
415,WALKING_DOWNSTAIRS
416,WALKING_DOWNSTAIRS
417,WALKING_DOWNSTAIRS
418,WALKING_DOWNSTAIRS
419,WALKING_DOWNSTAIRS
420,WALKING_DOWNSTAIRS
421,WALKING_DOWNSTAIRS
422,WALKING_DOWNSTAIRS
423,WALKING_DOWNSTAIRS
424,WALKING_DOWNSTAIRS
425,WALKING_DOWNSTAIRS
426,WALKING_DOWNSTAIRS
427,WALKING_DOWNSTAIRS
428,WALKING_DOWNSTAIRS
429,WALKING_DOWNSTAIRS
430,WALKING_DOWNSTAIRS
431,WALKING_DOWNSTAIRS
432,WALKING_DOWNSTAIRS
433,WALKING_DOWNSTAIRS
434,WALKING_DOWNSTAIRS
435,WALKING_DOWNSTAIRS
436,WALKING_DOWNSTAIRS
437,WALKING_DOWNSTAIRS
438,WALKING_UPSTAIRS
439,WALKING_UPSTAIRS
440,WALKING_UPSTAIRS
441,WALKING_UPSTAIRS
442,WALKING_UPSTAIRS
443,WALKING_UPSTAIRS
444,WALKING_UPSTAIRS
445,WALKING_UPSTAIRS
446,WALKING_UPSTAIRS
447,WALKING_UPSTAIRS
448,WALKING_UPSTAIRS
449,WALKING_UPSTAIRS
450,WALKING_UPSTAIRS
451,WALKING_UPSTAIRS
452,WALKING_UPSTAIRS
453,WALKING_UPSTAIRS
454,WALKING_UPSTAIRS
455,WALKING_UPSTAIRS
456,WALKING_UPSTAIRS
457,WALKING_UPSTAIRS
458,WALKING_UPSTAIRS
459,WALKING_UPSTAIRS
460,WALKING_UPSTAIRS
461,WALKING_UPSTAIRS
462,WALKING_UPSTAIRS
463,WALKING_UPSTAIRS
464,WALKING_UPSTAIRS
465,WALKING_UPSTAIRS
466,STANDING
467,STANDING
468,STANDING
469,STANDING
470,STANDING
471,STANDING
472,STANDING
473,STANDING
474,STANDING
475,STANDING
476,STANDING
477,STANDING
478,STANDING
479,STANDING
480,STANDING
481,STANDING
482,STANDING
483,STANDING
484,STANDING
485,STANDING
486,STANDING
487,STANDING
488,STANDING
489,STANDING
490,STANDING
491,STANDING
492,STANDING
493,STANDING
494,SITTING
495,SITTING
496,SITTING
497,SITTING
498,SITTING
499,SITTING
500,SITTING
501,SITTING
502,SITTING
503,SITTING
504,SITTING
505,SITTING
506,SITTING
507,SITTING
508,SITTING
509,SITTING
510,SITTING
511,SITTING
512,SITTING
513,SITTING
514,SITTING
515,SITTING
516,SITTING
517,SITTING
518,SITTING
519,SITTING
520,LAYING
521,LAYING
522,LAYING
523,LAYING
524,LAYING
525,LAYING
526,LAYING
527,LAYING
528,LAYING
529,LAYING
530,LAYING
531,LAYING
532,LAYING
533,LAYING
534,LAYING
535,LAYING
536,LAYING
537,LAYING
538,LAYING
539,LAYING
540,LAYING
541,LAYING
542,LAYING
543,LAYING
544,WALKING
545,WALKING
546,WALKING
547,WALKING
548,WALKING
549,WALKING
550,WALKING
551,WALKING
552,WALKING
553,WALKING
554,WALKING
555,WALKING
556,WALKING
557,WALKING
558,WALKING
559,WALKING
560,WALKING
561,WALKING
562,WALKING
563,WALKING
564,WALKING
565,WALKING
566,WALKING
567,WALKING
568,WALKING
569,WALKING
570,WALKING
571,WALKING
572,WALKING
573,WALKING_DOWNSTAIRS
574,WALKING_DOWNSTAIRS
575,WALKING_DOWNSTAIRS
576,WALKING_DOWNSTAIRS
577,WALKING_DOWNSTAIRS
578,WALKING_DOWNSTAIRS
579,WALKING_DOWNSTAIRS
580,WALKING_DOWNSTAIRS
581,WALKING_DOWNSTAIRS
582,WALKING_DOWNSTAIRS
583,WALKING_DOWNSTAIRS
584,WALKING_DOWNSTAIRS
585,WALKING_DOWNSTAIRS
586,WALKING_DOWNSTAIRS
587,WALKING_DOWNSTAIRS
588,WALKING_DOWNSTAIRS
589,WALKING_DOWNSTAIRS
590,WALKING_DOWNSTAIRS
591,WALKING_DOWNSTAIRS
592,WALKING_DOWNSTAIRS
593,WALKING_DOWNSTAIRS
594,WALKING_DOWNSTAIRS
595,WALKING_UPSTAIRS
596,WALKING_UPSTAIRS
597,WALKING_UPSTAIRS
598,WALKING_UPSTAIRS
599,WALKING_UPSTAIRS
600,WALKING_UPSTAIRS
601,WALKING_UPSTAIRS
602,WALKING_UPSTAIRS
603,WALKING_UPSTAIRS
604,WALKING_UPSTAIRS
605,WALKING_UPSTAIRS
606,WALKING_UPSTAIRS
607,WALKING_UPSTAIRS
608,WALKING_UPSTAIRS
609,WALKING_UPSTAIRS
610,WALKING_UPSTAIRS
611,WALKING_UPSTAIRS
612,WALKING_UPSTAIRS
613,WALKING_UPSTAIRS
614,WALKING_UPSTAIRS
615,WALKING_UPSTAIRS
616,WALKING_UPSTAIRS
617,WALKING_UPSTAIRS
618,WALKING_UPSTAIRS
619,STANDING
620,STANDING
621,STANDING
622,STANDING
623,STANDING
624,STANDING
625,STANDING
626,STANDING
627,STANDING
628,STANDING
629,STANDING
630,STANDING
631,STANDING
632,STANDING
633,STANDING
634,STANDING
635,STANDING
636,STANDING
637,STANDING
638,STANDING
639,STANDING
640,STANDING
641,SITTING
642,SITTING
643,SITTING
644,SITTING
645,SITTING
646,SITTING
647,SITTING
648,SITTING
649,SITTING
650,SITTING
651,SITTING
652,SITTING
653,SITTING
654,SITTING
655,SITTING
656,SITTING
657,SITTING
658,SITTING
659,SITTING
660,SITTING
661,SITTING
662,SITTING
663,SITTING
664,SITTING
665,SITTING
666,LAYING
667,LAYING
668,LAYING
669,LAYING
670,LAYING
671,LAYING
672,LAYING
673,LAYING
674,LAYING
675,LAYING
676,LAYING
677,LAYING
678,LAYING
679,LAYING
680,LAYING
681,LAYING
682,LAYING
683,LAYING
684,LAYING
685,LAYING
686,LAYING
687,LAYING
688,LAYING
689,LAYING
690,WALKING
691,WALKING
692,WALKING
693,WALKING
694,WALKING
695,WALKING
696,WALKING
697,WALKING
698,WALKING
699,WALKING
700,WALKING
701,WALKING
702,WALKING
703,WALKING
704,WALKING
705,WALKING
706,WALKING
707,WALKING
708,WALKING
709,WALKING
710,WALKING
711,WALKING
712,WALKING
713,WALKING
714,WALKING
715,WALKING
716,WALKING_DOWNSTAIRS
717,WALKING_DOWNSTAIRS
718,WALKING_DOWNSTAIRS
719,WALKING_DOWNSTAIRS
720,WALKING_DOWNSTAIRS
721,WALKING_DOWNSTAIRS
722,WALKING_DOWNSTAIRS
723,WALKING_UPSTAIRS
724,WALKING_UPSTAIRS
725,WALKING_UPSTAIRS
726,WALKING_UPSTAIRS
727,WALKING_UPSTAIRS
728,WALKING_UPSTAIRS
729,WALKING_UPSTAIRS
730,WALKING_UPSTAIRS
731,WALKING_UPSTAIRS
732,WALKING_UPSTAIRS
733,WALKING_DOWNSTAIRS
734,WALKING_DOWNSTAIRS
735,WALKING_DOWNSTAIRS
736,WALKING_DOWNSTAIRS
737,WALKING_DOWNSTAIRS
738,WALKING_DOWNSTAIRS
739,WALKING_UPSTAIRS
740,WALKING_UPSTAIRS
741,WALKING_UPSTAIRS
742,WALKING_UPSTAIRS
743,WALKING_UPSTAIRS
744,WALKING_UPSTAIRS
745,WALKING_UPSTAIRS
746,WALKING_UPSTAIRS
747,WALKING_DOWNSTAIRS
748,WALKING_DOWNSTAIRS
749,WALKING_DOWNSTAIRS
750,WALKING_DOWNSTAIRS
751,WALKING_DOWNSTAIRS
752,WALKING_DOWNSTAIRS
753,WALKING_DOWNSTAIRS
754,WALKING_DOWNSTAIRS
755,WALKING_UPSTAIRS
756,WALKING_UPSTAIRS
757,WALKING_UPSTAIRS
758,WALKING_UPSTAIRS
759,WALKING_UPSTAIRS
760,WALKING_UPSTAIRS
761,WALKING_UPSTAIRS
762,WALKING_UPSTAIRS
763,STANDING
764,STANDING
765,STANDING
766,STANDING
767,STANDING
768,STANDING
769,STANDING
770,STANDING
771,STANDING
772,STANDING
773,STANDING
774,STANDING
775,STANDING
776,STANDING
777,STANDING
778,STANDING
779,STANDING
780,STANDING
781,STANDING
782,STANDING
783,STANDING
784,STANDING
785,STANDING
786,SITTING
787,SITTING
788,SITTING
789,SITTING
790,SITTING
791,SITTING
792,SITTING
793,SITTING
794,SITTING
795,SITTING
796,SITTING
797,SITTING
798,SITTING
799,SITTING
800,SITTING
801,SITTING
802,SITTING
803,SITTING
804,SITTING
805,SITTING
806,SITTING
807,SITTING
808,SITTING
809,SITTING
810,SITTING
811,LAYING
812,LAYING
813,LAYING
814,LAYING
815,LAYING
816,LAYING
817,LAYING
818,LAYING
819,LAYING
820,LAYING
821,LAYING
822,LAYING
823,LAYING
824,LAYING
825,LAYING
826,LAYING
827,LAYING
828,LAYING
829,LAYING
830,LAYING
831,LAYING
832,LAYING
833,LAYING
834,LAYING
835,LAYING
836,LAYING
837,WALKING
838,WALKING
839,WALKING
840,WALKING
841,WALKING
842,WALKING
843,WALKING
844,WALKING
845,WALKING
846,WALKING
847,WALKING
848,WALKING
849,WALKING
850,WALKING
851,WALKING
852,WALKING
853,WALKING
854,WALKING
855,WALKING
856,WALKING
857,WALKING
858,WALKING
859,WALKING
860,WALKING
861,WALKING
862,WALKING
863,WALKING_DOWNSTAIRS
864,WALKING_DOWNSTAIRS
865,WALKING_DOWNSTAIRS
866,WALKING_DOWNSTAIRS
867,WALKING_DOWNSTAIRS
868,WALKING_DOWNSTAIRS
869,WALKING_DOWNSTAIRS
870,WALKING_DOWNSTAIRS
871,WALKING_DOWNSTAIRS
872,WALKING_DOWNSTAIRS
873,WALKING_DOWNSTAIRS
874,WALKING_DOWNSTAIRS
875,WALKING_DOWNSTAIRS
876,WALKING_DOWNSTAIRS
877,WALKING_UPSTAIRS
878,WALKING_UPSTAIRS
879,WALKING_UPSTAIRS
880,WALKING_UPSTAIRS
881,WALKING_UPSTAIRS
882,WALKING_UPSTAIRS
883,WALKING_UPSTAIRS
884,WALKING_UPSTAIRS
885,WALKING_UPSTAIRS
886,WALKING_UPSTAIRS
887,WALKING_UPSTAIRS
888,WALKING_UPSTAIRS
889,WALKING_UPSTAIRS
890,WALKING_UPSTAIRS
891,WALKING_UPSTAIRS
892,WALKING_UPSTAIRS
893,WALKING_UPSTAIRS
894,WALKING_UPSTAIRS
895,WALKING_UPSTAIRS
896,WALKING_UPSTAIRS
897,WALKING_UPSTAIRS
898,WALKING_UPSTAIRS
899,WALKING_UPSTAIRS
900,WALKING_DOWNSTAIRS
901,WALKING_DOWNSTAIRS
902,WALKING_DOWNSTAIRS
903,WALKING_DOWNSTAIRS
904,WALKING_DOWNSTAIRS
905,WALKING_DOWNSTAIRS
906,WALKING_DOWNSTAIRS
907,STANDING
908,STANDING
909,STANDING
910,STANDING
911,STANDING
912,STANDING
913,STANDING
914,STANDING
915,STANDING
916,STANDING
917,STANDING
918,STANDING
919,STANDING
920,STANDING
921,STANDING
922,STANDING
923,STANDING
924,STANDING
925,STANDING
926,STANDING
927,STANDING
928,STANDING
929,STANDING
930,SITTING
931,SITTING
932,SITTING
933,SITTING
934,SITTING
935,SITTING
936,SITTING
937,SITTING
938,SITTING
939,SITTING
940,SITTING
941,SITTING
942,SITTING
943,SITTING
944,SITTING
945,SITTING
946,SITTING
947,SITTING
948,SITTING
949,SITTING
950,SITTING
951,SITTING
952,SITTING
953,SITTING
954,LAYING
955,LAYING
956,LAYING
957,LAYING
958,LAYING
959,LAYING
960,LAYING
961,LAYING
962,LAYING
963,LAYING
964,LAYING
965,LAYING
966,LAYING
967,LAYING
968,LAYING
969,LAYING
970,LAYING
971,LAYING
972,LAYING
973,LAYING
974,LAYING
975,LAYING
976,LAYING
977,LAYING
978,LAYING
979,LAYING
980,LAYING
981,LAYING
982,LAYING
983,LAYING
984,LAYING
985,WALKING
986,WALKING
987,WALKING
988,WALKING
989,WALKING
990,WALKING
991,WALKING
992,WALKING
993,WALKING
994,WALKING
995,WALKING
996,WALKING
997,WALKING
998,WALKING
999,WALKING
1000,WALKING
1001,WALKING
1002,WALKING
1003,WALKING
1004,WALKING
1005,WALKING
1006,WALKING
1007,WALKING
1008,WALKING
1009,WALKING
1010,WALKING
1011,WALKING
1012,WALKING_DOWNSTAIRS
1013,WALKING_DOWNSTAIRS
1014,WALKING_DOWNSTAIRS
1015,WALKING_DOWNSTAIRS
1016,WALKING_DOWNSTAIRS
1017,WALKING_DOWNSTAIRS
1018,WALKING_DOWNSTAIRS
1019,WALKING_DOWNSTAIRS
1020,WALKING_DOWNSTAIRS
1021,WALKING_DOWNSTAIRS
1022,WALKING_DOWNSTAIRS
1023,WALKING_DOWNSTAIRS
1024,WALKING_DOWNSTAIRS
1025,WALKING_DOWNSTAIRS
1026,WALKING_DOWNSTAIRS
1027,WALKING_DOWNSTAIRS
1028,WALKING_DOWNSTAIRS
1029,WALKING_DOWNSTAIRS
1030,WALKING_DOWNSTAIRS
1031,WALKING_UPSTAIRS
1032,WALKING_UPSTAIRS
1033,WALKING_UPSTAIRS
1034,WALKING_UPSTAIRS
1035,WALKING_UPSTAIRS
1036,WALKING_UPSTAIRS
1037,WALKING_UPSTAIRS
1038,WALKING_UPSTAIRS
1039,WALKING_UPSTAIRS
1040,WALKING_UPSTAIRS
1041,WALKING_UPSTAIRS
1042,WALKING_UPSTAIRS
1043,WALKING_UPSTAIRS
1044,WALKING_UPSTAIRS
1045,WALKING_UPSTAIRS
1046,WALKING_UPSTAIRS
1047,WALKING_UPSTAIRS
1048,WALKING_UPSTAIRS
1049,WALKING_UPSTAIRS
1050,WALKING_UPSTAIRS
1051,WALKING_UPSTAIRS
1052,WALKING_UPSTAIRS
1053,WALKING_UPSTAIRS
1054,STANDING
1055,STANDING
1056,STANDING
1057,STANDING
1058,STANDING
1059,STANDING
1060,STANDING
1061,STANDING
1062,STANDING
1063,STANDING
1064,STANDING
1065,STANDING
1066,STANDING
1067,STANDING
1068,STANDING
1069,STANDING
1070,STANDING
1071,STANDING
1072,STANDING
1073,STANDING
1074,STANDING
1075,SITTING
1076,SITTING
1077,SITTING
1078,SITTING
1079,SITTING
1080,SITTING
1081,SITTING
1082,SITTING
1083,SITTING
1084,SITTING
1085,SITTING
1086,SITTING
1087,SITTING
1088,SITTING
1089,SITTING
1090,SITTING
1091,SITTING
1092,SITTING
1093,SITTING
1094,SITTING
1095,SITTING
1096,SITTING
1097,SITTING
1098,SITTING
1099,SITTING
1100,SITTING
1101,SITTING
1102,SITTING
1103,SITTING
1104,SITTING
1105,LAYING
1106,LAYING
1107,LAYING
1108,LAYING
1109,LAYING
1110,LAYING
1111,LAYING
1112,LAYING
1113,LAYING
1114,LAYING
1115,LAYING
1116,LAYING
1117,LAYING
1118,LAYING
1119,LAYING
1120,LAYING
1121,LAYING
1122,LAYING
1123,LAYING
1124,LAYING
1125,LAYING
1126,LAYING
1127,LAYING
1128,LAYING
1129,LAYING
1130,LAYING
1131,LAYING
1132,WALKING
1133,WALKING
1134,WALKING
1135,WALKING
1136,WALKING
1137,WALKING
1138,WALKING
1139,WALKING
1140,WALKING
1141,WALKING
1142,WALKING
1143,WALKING
1144,WALKING
1145,WALKING
1146,WALKING
1147,WALKING
1148,WALKING
1149,WALKING
1150,WALKING
1151,WALKING
1152,WALKING
1153,WALKING
1154,WALKING
1155,WALKING
1156,WALKING
1157,WALKING
1158,WALKING_DOWNSTAIRS
1159,WALKING_DOWNSTAIRS
1160,WALKING_DOWNSTAIRS
1161,WALKING_DOWNSTAIRS
1162,WALKING_DOWNSTAIRS
1163,WALKING_DOWNSTAIRS
1164,WALKING_DOWNSTAIRS
1165,WALKING_DOWNSTAIRS
1166,WALKING_DOWNSTAIRS
1167,WALKING_DOWNSTAIRS
1168,WALKING_DOWNSTAIRS
1169,WALKING_DOWNSTAIRS
1170,WALKING_DOWNSTAIRS
1171,WALKING_DOWNSTAIRS
1172,WALKING_DOWNSTAIRS
1173,WALKING_DOWNSTAIRS
1174,WALKING_DOWNSTAIRS
1175,WALKING_DOWNSTAIRS
1176,WALKING_DOWNSTAIRS
1177,WALKING_UPSTAIRS
1178,WALKING_UPSTAIRS
1179,WALKING_UPSTAIRS
1180,WALKING_UPSTAIRS
1181,WALKING_UPSTAIRS
1182,WALKING_UPSTAIRS
1183,WALKING_UPSTAIRS
1184,WALKING_UPSTAIRS
1185,WALKING_UPSTAIRS
1186,WALKING_UPSTAIRS
1187,WALKING_UPSTAIRS
1188,WALKING_UPSTAIRS
1189,WALKING_UPSTAIRS
1190,WALKING_UPSTAIRS
1191,WALKING_UPSTAIRS
1192,WALKING_UPSTAIRS
1193,WALKING_UPSTAIRS
1194,WALKING_UPSTAIRS
1195,WALKING_UPSTAIRS
1196,WALKING_UPSTAIRS
1197,WALKING_UPSTAIRS
1198,WALKING_UPSTAIRS
1199,WALKING_UPSTAIRS
1200,WALKING_UPSTAIRS
1201,STANDING
1202,STANDING
1203,STANDING
1204,STANDING
1205,STANDING
1206,STANDING
1207,STANDING
1208,STANDING
1209,STANDING
1210,STANDING
1211,STANDING
1212,STANDING
1213,STANDING
1214,STANDING
1215,STANDING
1216,STANDING
1217,STANDING
1218,STANDING
1219,STANDING
1220,STANDING
1221,STANDING
1222,STANDING
1223,STANDING
1224,STANDING
1225,STANDING
1226,STANDING
1227,STANDING
1228,SITTING
1229,SITTING
1230,SITTING
1231,SITTING
1232,SITTING
1233,SITTING
1234,SITTING
1235,SITTING
1236,SITTING
1237,SITTING
1238,SITTING
1239,SITTING
1240,SITTING
1241,SITTING
1242,SITTING
1243,SITTING
1244,SITTING
1245,SITTING
1246,SITTING
1247,SITTING
1248,SITTING
1249,SITTING
1250,SITTING
1251,SITTING
1252,SITTING
1253,SITTING
1254,SITTING
1255,SITTING
1256,LAYING
1257,LAYING
1258,LAYING
1259,LAYING
1260,LAYING
1261,LAYING
1262,LAYING
1263,LAYING
1264,LAYING
1265,LAYING
1266,LAYING
1267,LAYING
1268,LAYING
1269,LAYING
1270,LAYING
1271,LAYING
1272,LAYING
1273,LAYING
1274,LAYING
1275,LAYING
1276,LAYING
1277,LAYING
1278,LAYING
1279,LAYING
1280,LAYING
1281,LAYING
1282,LAYING
1283,WALKING
1284,WALKING
1285,WALKING
1286,WALKING
1287,WALKING
1288,WALKING
1289,WALKING
1290,WALKING
1291,WALKING
1292,WALKING
1293,WALKING
1294,WALKING
1295,WALKING
1296,WALKING
1297,WALKING
1298,WALKING
1299,WALKING
1300,WALKING
1301,WALKING
1302,WALKING
1303,WALKING
1304,WALKING
1305,WALKING
1306,WALKING
1307,WALKING
1308,WALKING
1309,WALKING
1310,WALKING_DOWNSTAIRS
1311,WALKING_DOWNSTAIRS
1312,WALKING_DOWNSTAIRS
1313,WALKING_DOWNSTAIRS
1314,WALKING_DOWNSTAIRS
1315,WALKING_DOWNSTAIRS
1316,WALKING_DOWNSTAIRS
1317,WALKING_DOWNSTAIRS
1318,WALKING_DOWNSTAIRS
1319,WALKING_DOWNSTAIRS
1320,WALKING_DOWNSTAIRS
1321,WALKING_DOWNSTAIRS
1322,WALKING_DOWNSTAIRS
1323,WALKING_DOWNSTAIRS
1324,WALKING_DOWNSTAIRS
1325,WALKING_DOWNSTAIRS
1326,WALKING_DOWNSTAIRS
1327,WALKING_DOWNSTAIRS
1328,WALKING_DOWNSTAIRS
1329,WALKING_DOWNSTAIRS
1330,WALKING_DOWNSTAIRS
1331,WALKING_DOWNSTAIRS
1332,WALKING_DOWNSTAIRS
1333,WALKING_DOWNSTAIRS
1334,WALKING_DOWNSTAIRS
1335,WALKING_UPSTAIRS
1336,WALKING_UPSTAIRS
1337,WALKING_UPSTAIRS
1338,WALKING_UPSTAIRS
1339,WALKING_UPSTAIRS
1340,WALKING_UPSTAIRS
1341,WALKING_UPSTAIRS
1342,WALKING_UPSTAIRS
1343,WALKING_UPSTAIRS
1344,WALKING_UPSTAIRS
1345,WALKING_UPSTAIRS
1346,WALKING_UPSTAIRS
1347,WALKING_UPSTAIRS
1348,WALKING_UPSTAIRS
1349,WALKING_UPSTAIRS
1350,WALKING_UPSTAIRS
1351,WALKING_UPSTAIRS
1352,WALKING_UPSTAIRS
1353,WALKING_UPSTAIRS
1354,WALKING_UPSTAIRS
1355,WALKING_UPSTAIRS
1356,WALKING_UPSTAIRS
1357,WALKING_UPSTAIRS
1358,WALKING_UPSTAIRS
1359,WALKING_UPSTAIRS
1360,WALKING_UPSTAIRS
1361,WALKING_UPSTAIRS
1362,STANDING
1363,STANDING
1364,STANDING
1365,STANDING
1366,STANDING
1367,STANDING
1368,STANDING
1369,STANDING
1370,STANDING
1371,STANDING
1372,STANDING
1373,STANDING
1374,STANDING
1375,STANDING
1376,STANDING
1377,STANDING
1378,STANDING
1379,STANDING
1380,STANDING
1381,STANDING
1382,STANDING
1383,STANDING
1384,STANDING
1385,STANDING
1386,STANDING
1387,STANDING
1388,STANDING
1389,STANDING
1390,STANDING
1391,STANDING
1392,STANDING
1393,STANDING
1394,STANDING
1395,STANDING
1396,SITTING
1397,SITTING
1398,SITTING
1399,SITTING
1400,SITTING
1401,SITTING
1402,SITTING
1403,SITTING
1404,SITTING
1405,SITTING
1406,SITTING
1407,SITTING
1408,SITTING
1409,SITTING
1410,SITTING
1411,SITTING
1412,SITTING
1413,SITTING
1414,SITTING
1415,SITTING
1416,SITTING
1417,SITTING
1418,SITTING
1419,LAYING
1420,LAYING
1421,LAYING
1422,LAYING
1423,LAYING
1424,LAYING
1425,LAYING
1426,LAYING
1427,LAYING
1428,LAYING
1429,LAYING
1430,LAYING
1431,LAYING
1432,LAYING
1433,LAYING
1434,LAYING
1435,LAYING
1436,LAYING
1437,LAYING
1438,LAYING
1439,LAYING
1440,LAYING
1441,LAYING
1442,LAYING
1443,LAYING
1444,LAYING
1445,LAYING
1446,LAYING
1447,LAYING
1448,LAYING
1449,LAYING
1450,LAYING
1451,LAYING
1452,WALKING
1453,WALKING
1454,WALKING
1455,WALKING
1456,WALKING
1457,WALKING
1458,WALKING
1459,WALKING
1460,WALKING
1461,WALKING
1462,WALKING
1463,WALKING
1464,WALKING
1465,WALKING
1466,WALKING
1467,WALKING
1468,WALKING
1469,WALKING
1470,WALKING
1471,WALKING
1472,WALKING
1473,WALKING
1474,WALKING
1475,WALKING_DOWNSTAIRS
1476,WALKING_DOWNSTAIRS
1477,WALKING_DOWNSTAIRS
1478,WALKING_DOWNSTAIRS
1479,WALKING_DOWNSTAIRS
1480,WALKING_DOWNSTAIRS
1481,WALKING_DOWNSTAIRS
1482,WALKING_DOWNSTAIRS
1483,WALKING_DOWNSTAIRS
1484,WALKING_DOWNSTAIRS
1485,WALKING_DOWNSTAIRS
1486,WALKING_DOWNSTAIRS
1487,WALKING_DOWNSTAIRS
1488,WALKING_DOWNSTAIRS
1489,WALKING_DOWNSTAIRS
1490,WALKING_DOWNSTAIRS
1491,WALKING_DOWNSTAIRS
1492,WALKING_DOWNSTAIRS
1493,WALKING_DOWNSTAIRS
1494,WALKING_DOWNSTAIRS
1495,WALKING_DOWNSTAIRS
1496,WALKING_UPSTAIRS
1497,WALKING_UPSTAIRS
1498,WALKING_UPSTAIRS
1499,WALKING_UPSTAIRS
1500,WALKING_UPSTAIRS
1501,WALKING_UPSTAIRS
1502,WALKING_UPSTAIRS
1503,WALKING_UPSTAIRS
1504,WALKING_UPSTAIRS
1505,WALKING_UPSTAIRS
1506,WALKING_UPSTAIRS
1507,WALKING_UPSTAIRS
1508,WALKING_UPSTAIRS
1509,WALKING_UPSTAIRS
1510,WALKING_UPSTAIRS
1511,WALKING_UPSTAIRS
1512,WALKING_UPSTAIRS
1513,WALKING_UPSTAIRS
1514,WALKING_UPSTAIRS
1515,WALKING_UPSTAIRS
1516,WALKING_UPSTAIRS
1517,WALKING_UPSTAIRS
1518,WALKING_UPSTAIRS
1519,WALKING_UPSTAIRS
1520,WALKING_UPSTAIRS
1521,STANDING
1522,STANDING
1523,STANDING
1524,STANDING
1525,STANDING
1526,STANDING
1527,STANDING
1528,STANDING
1529,STANDING
1530,STANDING
1531,STANDING
1532,STANDING
1533,STANDING
1534,STANDING
1535,STANDING
1536,STANDING
1537,STANDING
1538,STANDING
1539,STANDING
1540,STANDING
1541,STANDING
1542,STANDING
1543,STANDING
1544,STANDING
1545,STANDING
1546,STANDING
1547,STANDING
1548,SITTING
1549,SITTING
1550,SITTING
1551,SITTING
1552,SITTING
1553,SITTING
1554,SITTING
1555,SITTING
1556,SITTING
1557,SITTING
1558,SITTING
1559,SITTING
1560,SITTING
1561,SITTING
1562,SITTING
1563,SITTING
1564,SITTING
1565,SITTING
1566,SITTING
1567,SITTING
1568,SITTING
1569,SITTING
1570,SITTING
1571,SITTING
1572,LAYING
1573,LAYING
1574,LAYING
1575,LAYING
1576,LAYING
1577,LAYING
1578,LAYING
1579,LAYING
1580,LAYING
1581,LAYING
1582,LAYING
1583,LAYING
1584,LAYING
1585,LAYING
1586,LAYING
1587,LAYING
1588,LAYING
1589,LAYING
1590,LAYING
1591,LAYING
1592,LAYING
1593,LAYING
1594,LAYING
1595,LAYING
1596,LAYING
1597,LAYING
1598,LAYING
1599,LAYING
1600,LAYING
1601,LAYING
1602,LAYING
1603,LAYING
1604,LAYING
1605,WALKING
1606,WALKING
1607,WALKING
1608,WALKING
1609,WALKING
1610,WALKING
1611,WALKING
1612,WALKING
1613,WALKING
1614,WALKING
1615,WALKING
1616,WALKING
1617,WALKING
1618,WALKING
1619,WALKING
1620,WALKING
1621,WALKING
1622,WALKING
1623,WALKING
1624,WALKING
1625,WALKING
1626,WALKING
1627,WALKING
1628,WALKING
1629,WALKING
1630,WALKING
1631,WALKING
1632,WALKING
1633,WALKING
1634,WALKING
1635,WALKING_DOWNSTAIRS
1636,WALKING_DOWNSTAIRS
1637,WALKING_DOWNSTAIRS
1638,WALKING_DOWNSTAIRS
1639,WALKING_DOWNSTAIRS
1640,WALKING_DOWNSTAIRS
1641,WALKING_DOWNSTAIRS
1642,WALKING_DOWNSTAIRS
1643,WALKING_DOWNSTAIRS
1644,WALKING_DOWNSTAIRS
1645,WALKING_DOWNSTAIRS
1646,WALKING_DOWNSTAIRS
1647,WALKING_DOWNSTAIRS
1648,WALKING_DOWNSTAIRS
1649,WALKING_DOWNSTAIRS
1650,WALKING_DOWNSTAIRS
1651,WALKING_DOWNSTAIRS
1652,WALKING_DOWNSTAIRS
1653,WALKING_DOWNSTAIRS
1654,WALKING_DOWNSTAIRS
1655,WALKING_DOWNSTAIRS
1656,WALKING_DOWNSTAIRS
1657,WALKING_DOWNSTAIRS
1658,WALKING_DOWNSTAIRS
1659,WALKING_DOWNSTAIRS
1660,WALKING_DOWNSTAIRS
1661,WALKING_DOWNSTAIRS
1662,WALKING_UPSTAIRS
1663,WALKING_UPSTAIRS
1664,WALKING_UPSTAIRS
1665,WALKING_UPSTAIRS
1666,WALKING_UPSTAIRS
1667,WALKING_UPSTAIRS
1668,WALKING_UPSTAIRS
1669,WALKING_UPSTAIRS
1670,WALKING_UPSTAIRS
1671,WALKING_UPSTAIRS
1672,WALKING_UPSTAIRS
1673,WALKING_UPSTAIRS
1674,WALKING_UPSTAIRS
1675,WALKING_UPSTAIRS
1676,WALKING_UPSTAIRS
1677,WALKING_UPSTAIRS
1678,WALKING_UPSTAIRS
1679,WALKING_UPSTAIRS
1680,WALKING_UPSTAIRS
1681,WALKING_UPSTAIRS
1682,WALKING_UPSTAIRS
1683,WALKING_UPSTAIRS
1684,WALKING_UPSTAIRS
1685,WALKING_UPSTAIRS
1686,WALKING_UPSTAIRS
1687,WALKING_UPSTAIRS
1688,WALKING_UPSTAIRS
1689,WALKING_UPSTAIRS
1690,WALKING_UPSTAIRS
1691,WALKING_UPSTAIRS
1692,WALKING_UPSTAIRS
1693,STANDING
1694,STANDING
1695,STANDING
1696,STANDING
1697,STANDING
1698,STANDING
1699,STANDING
1700,STANDING
1701,STANDING
1702,STANDING
1703,STANDING
1704,STANDING
1705,STANDING
1706,STANDING
1707,STANDING
1708,STANDING
1709,STANDING
1710,STANDING
1711,STANDING
1712,STANDING
1713,STANDING
1714,STANDING
1715,STANDING
1716,STANDING
1717,STANDING
1718,STANDING
1719,STANDING
1720,STANDING
1721,STANDING
1722,STANDING
1723,SITTING
1724,SITTING
1725,SITTING
1726,SITTING
1727,SITTING
1728,SITTING
1729,SITTING
1730,SITTING
1731,SITTING
1732,SITTING
1733,SITTING
1734,SITTING
1735,SITTING
1736,SITTING
1737,SITTING
1738,SITTING
1739,SITTING
1740,SITTING
1741,SITTING
1742,SITTING
1743,SITTING
1744,SITTING
1745,SITTING
1746,SITTING
1747,SITTING
1748,LAYING
1749,LAYING
1750,LAYING
1751,LAYING
1752,LAYING
1753,LAYING
1754,LAYING
1755,LAYING
1756,LAYING
1757,LAYING
1758,LAYING
1759,LAYING
1760,LAYING
1761,LAYING
1762,LAYING
1763,LAYING
1764,LAYING
1765,LAYING
1766,LAYING
1767,LAYING
1768,LAYING
1769,LAYING
1770,LAYING
1771,LAYING
1772,LAYING
1773,LAYING
1774,LAYING
1775,LAYING
1776,LAYING
1777,WALKING
1778,WALKING
1779,WALKING
1780,WALKING
1781,WALKING
1782,WALKING
1783,WALKING
1784,WALKING
1785,WALKING
1786,WALKING
1787,WALKING
1788,WALKING
1789,WALKING
1790,WALKING
1791,WALKING
1792,WALKING
1793,WALKING
1794,WALKING
1795,WALKING
1796,WALKING
1797,WALKING
1798,WALKING
1799,WALKING
1800,WALKING
1801,WALKING
1802,WALKING
1803,WALKING
1804,WALKING_DOWNSTAIRS
1805,WALKING_DOWNSTAIRS
1806,WALKING_DOWNSTAIRS
1807,WALKING_DOWNSTAIRS
1808,WALKING_DOWNSTAIRS
1809,WALKING_DOWNSTAIRS
1810,WALKING_DOWNSTAIRS
1811,WALKING_DOWNSTAIRS
1812,WALKING_DOWNSTAIRS
1813,WALKING_DOWNSTAIRS
1814,WALKING_DOWNSTAIRS
1815,WALKING_DOWNSTAIRS
1816,WALKING_DOWNSTAIRS
1817,WALKING_DOWNSTAIRS
1818,WALKING_DOWNSTAIRS
1819,WALKING_DOWNSTAIRS
1820,WALKING_DOWNSTAIRS
1821,WALKING_DOWNSTAIRS
1822,WALKING_DOWNSTAIRS
1823,WALKING_DOWNSTAIRS
1824,WALKING_UPSTAIRS
1825,WALKING_UPSTAIRS
1826,WALKING_UPSTAIRS
1827,WALKING_UPSTAIRS
1828,WALKING_UPSTAIRS
1829,WALKING_UPSTAIRS
1830,WALKING_UPSTAIRS
1831,WALKING_UPSTAIRS
1832,WALKING_UPSTAIRS
1833,WALKING_UPSTAIRS
1834,WALKING_UPSTAIRS
1835,WALKING_UPSTAIRS
1836,WALKING_UPSTAIRS
1837,WALKING_UPSTAIRS
1838,WALKING_UPSTAIRS
1839,WALKING_UPSTAIRS
1840,WALKING_UPSTAIRS
1841,WALKING_UPSTAIRS
1842,WALKING_UPSTAIRS
1843,WALKING_UPSTAIRS
1844,WALKING_UPSTAIRS
1845,WALKING_UPSTAIRS
1846,WALKING_UPSTAIRS
1847,WALKING_UPSTAIRS
1848,STANDING
1849,STANDING
1850,STANDING
1851,STANDING
1852,STANDING
1853,STANDING
1854,STANDING
1855,STANDING
1856,STANDING
1857,STANDING
1858,STANDING
1859,STANDING
1860,STANDING
1861,STANDING
1862,STANDING
1863,STANDING
1864,STANDING
1865,STANDING
1866,STANDING
1867,STANDING
1868,STANDING
1869,STANDING
1870,STANDING
1871,STANDING
1872,STANDING
1873,STANDING
1874,STANDING
1875,STANDING
1876,STANDING
1877,STANDING
1878,STANDING
1879,STANDING
1880,STANDING
1881,STANDING
1882,STANDING
1883,STANDING
1884,STANDING
1885,STANDING
1886,STANDING
1887,STANDING
1888,SITTING
1889,SITTING
1890,SITTING
1891,SITTING
1892,SITTING
1893,SITTING
1894,SITTING
1895,SITTING
1896,SITTING
1897,SITTING
1898,SITTING
1899,SITTING
1900,SITTING
1901,SITTING
1902,SITTING
1903,SITTING
1904,SITTING
1905,SITTING
1906,SITTING
1907,SITTING
1908,SITTING
1909,SITTING
1910,SITTING
1911,SITTING
1912,SITTING
1913,SITTING
1914,SITTING
1915,SITTING
1916,SITTING
1917,SITTING
1918,LAYING
1919,LAYING
1920,LAYING
1921,LAYING
1922,LAYING
1923,LAYING
1924,LAYING
1925,LAYING
1926,LAYING
1927,LAYING
1928,LAYING
1929,LAYING
1930,LAYING
1931,LAYING
1932,LAYING
1933,LAYING
1934,LAYING
1935,LAYING
1936,LAYING
1937,LAYING
1938,LAYING
1939,LAYING
1940,LAYING
1941,LAYING
1942,LAYING
1943,LAYING
1944,LAYING
1945,LAYING
1946,LAYING
1947,LAYING
1948,LAYING
1949,LAYING
1950,WALKING
1951,WALKING
1952,WALKING
1953,WALKING
1954,WALKING
1955,WALKING
1956,WALKING
1957,WALKING
1958,WALKING
1959,WALKING
1960,WALKING
1961,WALKING
1962,WALKING
1963,WALKING
1964,WALKING
1965,WALKING
1966,WALKING
1967,WALKING
1968,WALKING
1969,WALKING
1970,WALKING
1971,WALKING
1972,WALKING
1973,WALKING
1974,WALKING
1975,WALKING
1976,WALKING
1977,WALKING
1978,WALKING
1979,WALKING_DOWNSTAIRS
1980,WALKING_DOWNSTAIRS
1981,WALKING_DOWNSTAIRS
1982,WALKING_DOWNSTAIRS
1983,WALKING_DOWNSTAIRS
1984,WALKING_DOWNSTAIRS
1985,WALKING_DOWNSTAIRS
1986,WALKING_DOWNSTAIRS
1987,WALKING_DOWNSTAIRS
1988,WALKING_DOWNSTAIRS
1989,WALKING_UPSTAIRS
1990,WALKING_UPSTAIRS
1991,WALKING_UPSTAIRS
1992,WALKING_UPSTAIRS
1993,WALKING_UPSTAIRS
1994,WALKING_UPSTAIRS
1995,WALKING_UPSTAIRS
1996,WALKING_UPSTAIRS
1997,WALKING_UPSTAIRS
1998,WALKING_UPSTAIRS
1999,WALKING_DOWNSTAIRS
2000,WALKING_DOWNSTAIRS
2001,WALKING_DOWNSTAIRS
2002,WALKING_DOWNSTAIRS
2003,WALKING_DOWNSTAIRS
2004,WALKING_DOWNSTAIRS
2005,WALKING_DOWNSTAIRS
2006,WALKING_DOWNSTAIRS
2007,WALKING_DOWNSTAIRS
2008,WALKING_UPSTAIRS
2009,WALKING_UPSTAIRS
2010,WALKING_UPSTAIRS
2011,WALKING_UPSTAIRS
2012,WALKING_UPSTAIRS
2013,WALKING_UPSTAIRS
2014,WALKING_UPSTAIRS
2015,WALKING_UPSTAIRS
2016,WALKING_UPSTAIRS
2017,WALKING_DOWNSTAIRS
2018,WALKING_DOWNSTAIRS
2019,WALKING_DOWNSTAIRS
2020,WALKING_DOWNSTAIRS
2021,WALKING_DOWNSTAIRS
2022,WALKING_DOWNSTAIRS
2023,WALKING_DOWNSTAIRS
2024,WALKING_DOWNSTAIRS
2025,WALKING_DOWNSTAIRS
2026,WALKING_UPSTAIRS
2027,WALKING_UPSTAIRS
2028,WALKING_UPSTAIRS
2029,WALKING_UPSTAIRS
2030,WALKING_UPSTAIRS
2031,WALKING_UPSTAIRS
2032,WALKING_UPSTAIRS
2033,WALKING_UPSTAIRS
2034,WALKING_UPSTAIRS
2035,WALKING_UPSTAIRS
2036,STANDING
2037,STANDING
2038,STANDING
2039,STANDING
2040,STANDING
2041,STANDING
2042,STANDING
2043,STANDING
2044,STANDING
2045,STANDING
2046,STANDING
2047,STANDING
2048,STANDING
2049,STANDING
2050,STANDING
2051,STANDING
2052,STANDING
2053,STANDING
2054,STANDING
2055,STANDING
2056,STANDING
2057,STANDING
2058,STANDING
2059,STANDING
2060,STANDING
2061,STANDING
2062,STANDING
2063,STANDING
2064,STANDING
2065,STANDING
2066,STANDING
2067,STANDING
2068,STANDING
2069,SITTING
2070,SITTING
2071,SITTING
2072,SITTING
2073,SITTING
2074,SITTING
2075,SITTING
2076,SITTING
2077,SITTING
2078,SITTING
2079,SITTING
2080,SITTING
2081,SITTING
2082,SITTING
2083,SITTING
2084,SITTING
2085,SITTING
2086,SITTING
2087,SITTING
2088,SITTING
2089,SITTING
2090,SITTING
2091,SITTING
2092,SITTING
2093,SITTING
2094,SITTING
2095,SITTING
2096,LAYING
2097,LAYING
2098,LAYING
2099,LAYING
2100,LAYING
2101,LAYING
2102,LAYING
2103,LAYING
2104,LAYING
2105,LAYING
2106,LAYING
2107,LAYING
2108,LAYING
2109,LAYING
2110,LAYING
2111,LAYING
2112,LAYING
2113,LAYING
2114,LAYING
2115,LAYING
2116,LAYING
2117,LAYING
2118,LAYING
2119,LAYING
2120,LAYING
2121,LAYING
2122,LAYING
2123,LAYING
2124,LAYING
2125,LAYING
2126,LAYING
2127,LAYING
2128,LAYING
2129,WALKING
2130,WALKING
2131,WALKING
2132,WALKING
2133,WALKING
2134,WALKING
2135,WALKING
2136,WALKING
2137,WALKING
2138,WALKING
2139,WALKING
2140,WALKING
2141,WALKING
2142,WALKING
2143,WALKING
2144,WALKING
2145,WALKING
2146,WALKING
2147,WALKING
2148,WALKING
2149,WALKING
2150,WALKING
2151,WALKING
2152,WALKING
2153,WALKING
2154,WALKING
2155,WALKING
2156,WALKING_DOWNSTAIRS
2157,WALKING_DOWNSTAIRS
2158,WALKING_DOWNSTAIRS
2159,WALKING_DOWNSTAIRS
2160,WALKING_DOWNSTAIRS
2161,WALKING_DOWNSTAIRS
2162,WALKING_DOWNSTAIRS
2163,WALKING_DOWNSTAIRS
2164,WALKING_DOWNSTAIRS
2165,WALKING_DOWNSTAIRS
2166,WALKING_DOWNSTAIRS
2167,WALKING_DOWNSTAIRS
2168,WALKING_DOWNSTAIRS
2169,WALKING_DOWNSTAIRS
2170,WALKING_DOWNSTAIRS
2171,WALKING_DOWNSTAIRS
2172,WALKING_DOWNSTAIRS
2173,WALKING_DOWNSTAIRS
2174,WALKING_UPSTAIRS
2175,WALKING_UPSTAIRS
2176,WALKING_UPSTAIRS
2177,WALKING_UPSTAIRS
2178,WALKING_UPSTAIRS
2179,WALKING_UPSTAIRS
2180,WALKING_UPSTAIRS
2181,WALKING_UPSTAIRS
2182,WALKING_UPSTAIRS
2183,WALKING_UPSTAIRS
2184,WALKING_UPSTAIRS
2185,WALKING_UPSTAIRS
2186,WALKING_UPSTAIRS
2187,WALKING_UPSTAIRS
2188,WALKING_UPSTAIRS
2189,WALKING_UPSTAIRS
2190,WALKING_UPSTAIRS
2191,WALKING_UPSTAIRS
2192,WALKING_UPSTAIRS
2193,WALKING_UPSTAIRS
2194,WALKING_UPSTAIRS
2195,WALKING_UPSTAIRS
2196,WALKING_UPSTAIRS
2197,WALKING_UPSTAIRS
2198,WALKING_UPSTAIRS
2199,WALKING_UPSTAIRS
2200,WALKING_UPSTAIRS
2201,WALKING_UPSTAIRS
2202,WALKING_UPSTAIRS
2203,WALKING_DOWNSTAIRS
2204,WALKING_DOWNSTAIRS
2205,WALKING_DOWNSTAIRS
2206,WALKING_DOWNSTAIRS
2207,WALKING_DOWNSTAIRS
2208,WALKING_DOWNSTAIRS
2209,WALKING_DOWNSTAIRS
2210,WALKING_DOWNSTAIRS
2211,WALKING_DOWNSTAIRS
2212,STANDING
2213,STANDING
2214,STANDING
2215,STANDING
2216,STANDING
2217,STANDING
2218,STANDING
2219,STANDING
2220,STANDING
2221,STANDING
2222,STANDING
2223,STANDING
2224,STANDING
2225,STANDING
2226,STANDING
2227,STANDING
2228,STANDING
2229,STANDING
2230,STANDING
2231,STANDING
2232,STANDING
2233,STANDING
2234,STANDING
2235,STANDING
2236,STANDING
2237,STANDING
2238,STANDING
2239,STANDING
2240,STANDING
2241,STANDING
2242,STANDING
2243,STANDING
2244,STANDING
2245,STANDING
2246,STANDING
2247,STANDING
2248,STANDING
2249,STANDING
2250,SITTING
2251,SITTING
2252,SITTING
2253,SITTING
2254,SITTING
2255,SITTING
2256,SITTING
2257,SITTING
2258,SITTING
2259,SITTING
2260,SITTING
2261,SITTING
2262,SITTING
2263,SITTING
2264,SITTING
2265,SITTING
2266,SITTING
2267,SITTING
2268,SITTING
2269,SITTING
2270,SITTING
2271,SITTING
2272,SITTING
2273,SITTING
2274,SITTING
2275,SITTING
2276,SITTING
2277,SITTING
2278,SITTING
2279,SITTING
2280,SITTING
2281,SITTING
2282,SITTING
2283,SITTING
2284,SITTING
2285,SITTING
2286,LAYING
2287,LAYING
2288,LAYING
2289,LAYING
2290,LAYING
2291,LAYING
2292,LAYING
2293,LAYING
2294,LAYING
2295,LAYING
2296,LAYING
2297,LAYING
2298,LAYING
2299,LAYING
2300,LAYING
2301,LAYING
2302,LAYING
2303,LAYING
2304,LAYING
2305,LAYING
2306,LAYING
2307,LAYING
2308,LAYING
2309,LAYING
2310,LAYING
2311,LAYING
2312,LAYING
2313,LAYING
2314,LAYING
2315,LAYING
2316,LAYING
2317,WALKING
2318,WALKING
2319,WALKING
2320,WALKING
2321,WALKING
2322,WALKING
2323,WALKING
2324,WALKING
2325,WALKING
2326,WALKING
2327,WALKING
2328,WALKING
2329,WALKING
2330,WALKING
2331,WALKING
2332,WALKING
2333,WALKING
2334,WALKING
2335,WALKING
2336,WALKING
2337,WALKING
2338,WALKING
2339,WALKING
2340,WALKING
2341,WALKING
2342,WALKING
2343,WALKING
2344,WALKING_DOWNSTAIRS
2345,WALKING_DOWNSTAIRS
2346,WALKING_DOWNSTAIRS
2347,WALKING_DOWNSTAIRS
2348,WALKING_DOWNSTAIRS
2349,WALKING_DOWNSTAIRS
2350,WALKING_DOWNSTAIRS
2351,WALKING_DOWNSTAIRS
2352,WALKING_DOWNSTAIRS
2353,WALKING_DOWNSTAIRS
2354,WALKING_DOWNSTAIRS
2355,WALKING_DOWNSTAIRS
2356,WALKING_DOWNSTAIRS
2357,WALKING_DOWNSTAIRS
2358,WALKING_DOWNSTAIRS
2359,WALKING_DOWNSTAIRS
2360,WALKING_DOWNSTAIRS
2361,WALKING_DOWNSTAIRS
2362,WALKING_DOWNSTAIRS
2363,WALKING_DOWNSTAIRS
2364,WALKING_DOWNSTAIRS
2365,WALKING_DOWNSTAIRS
2366,WALKING_UPSTAIRS
2367,WALKING_UPSTAIRS
2368,WALKING_UPSTAIRS
2369,WALKING_UPSTAIRS
2370,WALKING_UPSTAIRS
2371,WALKING_UPSTAIRS
2372,WALKING_UPSTAIRS
2373,WALKING_UPSTAIRS
2374,WALKING_UPSTAIRS
2375,WALKING_UPSTAIRS
2376,WALKING_UPSTAIRS
2377,WALKING_UPSTAIRS
2378,WALKING_UPSTAIRS
2379,WALKING_UPSTAIRS
2380,WALKING_UPSTAIRS
2381,WALKING_UPSTAIRS
2382,WALKING_UPSTAIRS
2383,WALKING_UPSTAIRS
2384,WALKING_UPSTAIRS
2385,WALKING_UPSTAIRS
2386,WALKING_UPSTAIRS
2387,WALKING_UPSTAIRS
2388,WALKING_UPSTAIRS
2389,WALKING_UPSTAIRS
2390,WALKING_UPSTAIRS
2391,WALKING_UPSTAIRS
2392,STANDING
2393,STANDING
2394,STANDING
2395,STANDING
2396,STANDING
2397,STANDING
2398,STANDING
2399,STANDING
2400,STANDING
2401,STANDING
2402,STANDING
2403,STANDING
2404,STANDING
2405,STANDING
2406,STANDING
2407,STANDING
2408,STANDING
2409,STANDING
2410,STANDING
2411,STANDING
2412,STANDING
2413,STANDING
2414,STANDING
2415,STANDING
2416,STANDING
2417,STANDING
2418,STANDING
2419,STANDING
2420,STANDING
2421,STANDING
2422,STANDING
2423,STANDING
2424,STANDING
2425,STANDING
2426,STANDING
2427,SITTING
2428,SITTING
2429,SITTING
2430,SITTING
2431,SITTING
2432,SITTING
2433,SITTING
2434,SITTING
2435,SITTING
2436,SITTING
2437,SITTING
2438,SITTING
2439,SITTING
2440,SITTING
2441,SITTING
2442,SITTING
2443,SITTING
2444,SITTING
2445,SITTING
2446,SITTING
2447,SITTING
2448,SITTING
2449,SITTING
2450,SITTING
2451,SITTING
2452,SITTING
2453,SITTING
2454,SITTING
2455,SITTING
2456,SITTING
2457,LAYING
2458,LAYING
2459,LAYING
2460,LAYING
2461,LAYING
2462,LAYING
2463,LAYING
2464,LAYING
2465,LAYING
2466,LAYING
2467,LAYING
2468,LAYING
2469,LAYING
2470,LAYING
2471,LAYING
2472,LAYING
2473,LAYING
2474,LAYING
2475,LAYING
2476,LAYING
2477,LAYING
2478,LAYING
2479,LAYING
2480,LAYING
2481,LAYING
2482,LAYING
2483,LAYING
2484,LAYING
2485,LAYING
2486,LAYING
2487,LAYING
2488,LAYING
2489,LAYING
2490,LAYING
2491,LAYING
2492,LAYING
2493,LAYING
2494,WALKING
2495,WALKING
2496,WALKING
2497,WALKING
2498,WALKING
2499,WALKING
2500,WALKING
2501,WALKING
2502,WALKING
2503,WALKING
2504,WALKING
2505,WALKING
2506,WALKING
2507,WALKING
2508,WALKING
2509,WALKING
2510,WALKING
2511,WALKING
2512,WALKING
2513,WALKING
2514,WALKING
2515,WALKING
2516,WALKING
2517,WALKING
2518,WALKING_DOWNSTAIRS
2519,WALKING_DOWNSTAIRS
2520,WALKING_DOWNSTAIRS
2521,WALKING_DOWNSTAIRS
2522,WALKING_DOWNSTAIRS
2523,WALKING_DOWNSTAIRS
2524,WALKING_DOWNSTAIRS
2525,WALKING_DOWNSTAIRS
2526,WALKING_DOWNSTAIRS
2527,WALKING_DOWNSTAIRS
2528,WALKING_DOWNSTAIRS
2529,WALKING_DOWNSTAIRS
2530,WALKING_DOWNSTAIRS
2531,WALKING_DOWNSTAIRS
2532,WALKING_DOWNSTAIRS
2533,WALKING_DOWNSTAIRS
2534,WALKING_DOWNSTAIRS
2535,WALKING_DOWNSTAIRS
2536,WALKING_DOWNSTAIRS
2537,WALKING_DOWNSTAIRS
2538,WALKING_DOWNSTAIRS
2539,WALKING_DOWNSTAIRS
2540,WALKING_DOWNSTAIRS
2541,WALKING_UPSTAIRS
2542,WALKING_UPSTAIRS
2543,WALKING_UPSTAIRS
2544,WALKING_UPSTAIRS
2545,WALKING_UPSTAIRS
2546,WALKING_UPSTAIRS
2547,WALKING_UPSTAIRS
2548,WALKING_UPSTAIRS
2549,WALKING_UPSTAIRS
2550,WALKING_UPSTAIRS
2551,WALKING_UPSTAIRS
2552,WALKING_UPSTAIRS
2553,WALKING_UPSTAIRS
2554,WALKING_UPSTAIRS
2555,WALKING_UPSTAIRS
2556,WALKING_UPSTAIRS
2557,WALKING_UPSTAIRS
2558,WALKING_UPSTAIRS
2559,WALKING_UPSTAIRS
2560,WALKING_UPSTAIRS
2561,WALKING_UPSTAIRS
2562,WALKING_UPSTAIRS
2563,WALKING_UPSTAIRS
2564,WALKING_UPSTAIRS
2565,WALKING_UPSTAIRS
2566,STANDING
2567,STANDING
2568,STANDING
2569,STANDING
2570,STANDING
2571,STANDING
2572,STANDING
2573,STANDING
2574,STANDING
2575,STANDING
2576,STANDING
2577,STANDING
2578,STANDING
2579,STANDING
2580,STANDING
2581,STANDING
2582,STANDING
2583,STANDING
2584,STANDING
2585,STANDING
2586,STANDING
2587,STANDING
2588,STANDING
2589,STANDING
2590,STANDING
2591,STANDING
2592,STANDING
2593,STANDING
2594,STANDING
2595,STANDING
2596,STANDING
2597,STANDING
2598,STANDING
2599,SITTING
2600,SITTING
2601,SITTING
2602,SITTING
2603,SITTING
2604,SITTING
2605,SITTING
2606,SITTING
2607,SITTING
2608,SITTING
2609,SITTING
2610,SITTING
2611,SITTING
2612,SITTING
2613,SITTING
2614,SITTING
2615,SITTING
2616,SITTING
2617,SITTING
2618,SITTING
2619,SITTING
2620,SITTING
2621,SITTING
2622,SITTING
2623,SITTING
2624,SITTING
2625,SITTING
2626,SITTING
2627,SITTING
2628,SITTING
2629,SITTING
2630,SITTING
2631,SITTING
2632,SITTING
2633,LAYING
2634,LAYING
2635,LAYING
2636,LAYING
2637,LAYING
2638,LAYING
2639,LAYING
2640,LAYING
2641,LAYING
2642,LAYING
2643,LAYING
2644,LAYING
2645,LAYING
2646,LAYING
2647,LAYING
2648,LAYING
2649,LAYING
2650,LAYING
2651,LAYING
2652,LAYING
2653,LAYING
2654,LAYING
2655,LAYING
2656,LAYING
2657,LAYING
2658,LAYING
2659,LAYING
2660,LAYING
2661,LAYING
2662,LAYING
2663,LAYING
2664,LAYING
2665,LAYING
2666,LAYING
2667,LAYING
2668,LAYING
2669,WALKING
2670,WALKING
2671,WALKING
2672,WALKING
2673,WALKING
2674,WALKING
2675,WALKING
2676,WALKING
2677,WALKING
2678,WALKING
2679,WALKING
2680,WALKING
2681,WALKING
2682,WALKING
2683,WALKING
2684,WALKING
2685,WALKING
2686,WALKING
2687,WALKING
2688,WALKING
2689,WALKING
2690,WALKING
2691,WALKING
2692,WALKING
2693,WALKING
2694,WALKING
2695,WALKING
2696,WALKING
2697,WALKING_DOWNSTAIRS
2698,WALKING_DOWNSTAIRS
2699,WALKING_DOWNSTAIRS
2700,WALKING_DOWNSTAIRS
2701,WALKING_DOWNSTAIRS
2702,WALKING_DOWNSTAIRS
2703,WALKING_DOWNSTAIRS
2704,WALKING_DOWNSTAIRS
2705,WALKING_DOWNSTAIRS
2706,WALKING_DOWNSTAIRS
2707,WALKING_DOWNSTAIRS
2708,WALKING_DOWNSTAIRS
2709,WALKING_DOWNSTAIRS
2710,WALKING_DOWNSTAIRS
2711,WALKING_DOWNSTAIRS
2712,WALKING_DOWNSTAIRS
2713,WALKING_DOWNSTAIRS
2714,WALKING_DOWNSTAIRS
2715,WALKING_DOWNSTAIRS
2716,WALKING_DOWNSTAIRS
2717,WALKING_DOWNSTAIRS
2718,WALKING_DOWNSTAIRS
2719,WALKING_DOWNSTAIRS
2720,WALKING_DOWNSTAIRS
2721,WALKING_DOWNSTAIRS
2722,WALKING_DOWNSTAIRS
2723,WALKING_DOWNSTAIRS
2724,WALKING_UPSTAIRS
2725,WALKING_UPSTAIRS
2726,WALKING_UPSTAIRS
2727,WALKING_UPSTAIRS
2728,WALKING_UPSTAIRS
2729,WALKING_UPSTAIRS
2730,WALKING_UPSTAIRS
2731,WALKING_UPSTAIRS
2732,WALKING_UPSTAIRS
2733,WALKING_UPSTAIRS
2734,WALKING_UPSTAIRS
2735,WALKING_UPSTAIRS
2736,WALKING_UPSTAIRS
2737,WALKING_UPSTAIRS
2738,WALKING_UPSTAIRS
2739,WALKING_UPSTAIRS
2740,WALKING_UPSTAIRS
2741,WALKING_UPSTAIRS
2742,WALKING_UPSTAIRS
2743,WALKING_UPSTAIRS
2744,WALKING_UPSTAIRS
2745,WALKING_UPSTAIRS
2746,WALKING_UPSTAIRS
2747,WALKING_UPSTAIRS
2748,WALKING_UPSTAIRS
2749,WALKING_UPSTAIRS
2750,WALKING_UPSTAIRS
2751,WALKING_UPSTAIRS
2752,WALKING_UPSTAIRS
2753,STANDING
2754,STANDING
2755,STANDING
2756,STANDING
2757,STANDING
2758,STANDING
2759,STANDING
2760,STANDING
2761,STANDING
2762,STANDING
2763,STANDING
2764,STANDING
2765,STANDING
2766,STANDING
2767,STANDING
2768,STANDING
2769,STANDING
2770,STANDING
2771,STANDING
2772,STANDING
2773,STANDING
2774,STANDING
2775,STANDING
2776,STANDING
2777,STANDING
2778,STANDING
2779,STANDING
2780,STANDING
2781,STANDING
2782,STANDING
2783,STANDING
2784,STANDING
2785,STANDING
2786,STANDING
2787,STANDING
2788,STANDING
2789,SITTING
2790,SITTING
2791,SITTING
2792,SITTING
2793,SITTING
2794,SITTING
2795,SITTING
2796,SITTING
2797,SITTING
2798,SITTING
2799,SITTING
2800,SITTING
2801,SITTING
2802,SITTING
2803,SITTING
2804,SITTING
2805,SITTING
2806,SITTING
2807,SITTING
2808,SITTING
2809,SITTING
2810,SITTING
2811,SITTING
2812,SITTING
2813,SITTING
2814,SITTING
2815,SITTING
2816,SITTING
2817,SITTING
2818,SITTING
2819,SITTING
2820,SITTING
2821,SITTING
2822,SITTING
2823,LAYING
2824,LAYING
2825,LAYING
2826,LAYING
2827,LAYING
2828,LAYING
2829,LAYING
2830,LAYING
2831,LAYING
2832,LAYING
2833,LAYING
2834,LAYING
2835,LAYING
2836,LAYING
2837,LAYING
2838,LAYING
2839,LAYING
2840,LAYING
2841,LAYING
2842,LAYING
2843,LAYING
2844,LAYING
2845,LAYING
2846,LAYING
2847,LAYING
2848,LAYING
2849,LAYING
2850,LAYING
2851,LAYING
2852,LAYING
2853,LAYING
2854,LAYING
2855,LAYING
2856,LAYING
2857,LAYING
2858,LAYING
2859,WALKING
2860,WALKING
2861,WALKING
2862,WALKING
2863,WALKING
2864,WALKING
2865,WALKING
2866,WALKING
2867,WALKING
2868,WALKING
2869,WALKING
2870,WALKING
2871,WALKING
2872,WALKING
2873,WALKING
2874,WALKING
2875,WALKING
2876,WALKING
2877,WALKING
2878,WALKING
2879,WALKING
2880,WALKING
2881,WALKING
2882,WALKING
2883,WALKING
2884,WALKING
2885,WALKING
2886,WALKING
2887,WALKING
2888,WALKING
2889,WALKING_DOWNSTAIRS
2890,WALKING_DOWNSTAIRS
2891,WALKING_DOWNSTAIRS
2892,WALKING_DOWNSTAIRS
2893,WALKING_DOWNSTAIRS
2894,WALKING_DOWNSTAIRS
2895,WALKING_DOWNSTAIRS
2896,WALKING_DOWNSTAIRS
2897,WALKING_DOWNSTAIRS
2898,WALKING_DOWNSTAIRS
2899,WALKING_DOWNSTAIRS
2900,WALKING_DOWNSTAIRS
2901,WALKING_DOWNSTAIRS
2902,WALKING_DOWNSTAIRS
2903,WALKING_DOWNSTAIRS
2904,WALKING_DOWNSTAIRS
2905,WALKING_DOWNSTAIRS
2906,WALKING_DOWNSTAIRS
2907,WALKING_DOWNSTAIRS
2908,WALKING_UPSTAIRS
2909,WALKING_UPSTAIRS
2910,WALKING_UPSTAIRS
2911,WALKING_UPSTAIRS
2912,WALKING_UPSTAIRS
2913,WALKING_UPSTAIRS
2914,WALKING_UPSTAIRS
2915,WALKING_UPSTAIRS
2916,WALKING_UPSTAIRS
2917,WALKING_UPSTAIRS
2918,WALKING_UPSTAIRS
2919,WALKING_UPSTAIRS
2920,WALKING_UPSTAIRS
2921,WALKING_UPSTAIRS
2922,WALKING_UPSTAIRS
2923,WALKING_UPSTAIRS
2924,WALKING_UPSTAIRS
2925,WALKING_UPSTAIRS
2926,WALKING_UPSTAIRS
2927,WALKING_UPSTAIRS
2928,WALKING_DOWNSTAIRS
2929,WALKING_DOWNSTAIRS
2930,WALKING_DOWNSTAIRS
2931,WALKING_DOWNSTAIRS
2932,WALKING_DOWNSTAIRS
2933,WALKING_DOWNSTAIRS
2934,WALKING_DOWNSTAIRS
2935,WALKING_DOWNSTAIRS
2936,WALKING_DOWNSTAIRS
2937,WALKING_UPSTAIRS
2938,WALKING_UPSTAIRS
2939,WALKING_UPSTAIRS
2940,WALKING_UPSTAIRS
2941,WALKING_UPSTAIRS
2942,WALKING_UPSTAIRS
2943,WALKING_UPSTAIRS
2944,WALKING_UPSTAIRS
2945,WALKING_UPSTAIRS
2946,WALKING_UPSTAIRS
